weather_id,expedition_id,weather_date,temperature,wind_speed,precipitation,visibility,weather_conditions
f5d20a5b-ab3e-454e-8150-f74710974b5c,62b89b75-b311-4ece-acf3-c3edb1e5482c,2024-09-08 11:36:14,31.78,79.63,39.15,Clear,Sunny
066281d6-e2c4-4738-b351-1bf97b9ec9e5,2202b1b5-705b-41fd-8ffb-1a6ffd6b72bc,2024-09-08 11:36:14,-4.84,10.56,41.21,Foggy,Snow
e7201155-91f0-4ad9-b588-69870b7b3923,67b9537c-68c1-4395-9d3c-29f855a69458,2024-09-08 11:36:14,32.2,119.15,35.36,Clear,Stormy
bc1435ec-5259-4182-89a8-76c561a05a8d,586f9e72-1fde-4160-9e85-e24a8a47d426,2024-09-09 11:36:14,33.55,89.1,12.92,Clear,Snow
c6989c57-9ac7-4756-b1f8-1b3471caa3b5,ab2eed68-fa59-466a-9fdf-2fa3582f6c60,2024-09-09 11:36:14,25.56,40.92,49.27,Foggy,Rain
e93e626a-ee1f-488b-9e81-ac081921ce7f,dcc0d73e-2e3d-483b-acc4-561197284d6c,2024-09-09 11:36:14,26.44,68.37,57.55,Foggy,Rain
7a26b06d-7025-45f5-8a00-33f23c607c6d,e2300f24-a25d-4e8d-9c82-d83e2095de9a,2024-09-09 11:36:14,18.0,80.17,78.52,Cloudy,Stormy
62747885-eeec-4f48-a7ee-d2c27f26958c,58654774-a589-4677-a4af-a39d4bb8c024,2024-09-09 11:36:14,33.1,91.83,34.77,Cloudy,Rain
d8174d26-03d6-45af-9837-de78ebbb9361,1a03bc66-1fa2-449e-a9b1-1be2547154c3,2024-09-09 11:36:14,-20.84,140.39,65.82,Cloudy,Rain
312fd6c4-84e8-4302-bc24-87dcd6925eed,03c6bf7d-fda0-4807-8284-6075582ce454,2024-09-09 11:36:14,38.83,18.59,10.45,Cloudy,Rain
4496ac68-03f2-449a-aed4-34b3a80c1a05,90710ad9-1f33-4394-8755-b21046e0b61b,2024-09-09 11:36:14,-17.07,86.51,92.39,Foggy,Rain
d09bb787-6b5c-42aa-aad5-997d975fc6ec,e10d9236-8e1d-41c4-9e63-a8e0241f3aaf,2024-09-09 11:36:14,24.78,115.98,8.25,Foggy,Stormy
48bccb81-7899-4023-a2be-51d7a31c43d5,d8b5fe0e-d573-4608-9de3-df1b0ae5275e,2024-09-09 11:36:14,-13.35,108.86,85.88,Cloudy,Snow
99a8007a-2c0a-41de-9d0f-aba60fd79ebb,508156d0-7640-407d-9771-3c084e90f7a7,2024-09-09 11:36:14,-9.16,66.03,43.68,Foggy,Snow
8c697cba-51f7-43b1-ae65-8b81f7759e65,ac60ece0-aac8-4730-95eb-83e7ae2be559,2024-09-10 11:36:14,-20.52,82.67,66.82,Cloudy,Stormy
56cd7b66-4970-4c06-9d26-c9f173618c2a,fa95737b-d5a0-4eb7-a916-f3bc28728cf7,2024-09-10 11:36:14,-0.58,135.19,60.86,Cloudy,Sunny
1fc5aa82-f2ec-465e-90a0-003b6d9b2efd,7ee61634-b368-4555-ab51-5d4fa7468430,2024-09-10 11:36:14,-5.8,46.56,7.63,Foggy,Rain
77df29ce-1aac-44da-86c1-c6eea62218b3,5a189e93-22a5-4c13-97aa-de6893b6ea6d,2024-09-10 11:36:14,2.35,145.84,97.36,Foggy,Snow
28985e52-6d7f-4ebe-a441-74cc44a436b5,84b8823c-4831-4861-8750-7df13a8b56f4,2024-09-10 11:36:14,-20.3,23.32,15.77,Cloudy,Stormy
cd449f3d-880d-4020-88d1-f685f3e9fca0,80de1d15-2075-4015-a8b7-0b06b2f66bad,2024-09-10 11:36:14,34.28,113.01,38.24,Foggy,Snow
819b676e-ff86-4125-be2c-55836de4c51b,7868f940-a137-4548-aeea-a357f5455a97,2024-09-10 11:36:14,6.92,107.87,24.76,Foggy,Sunny
7a69433a-e869-4d2d-bbdb-76cdfa1a9e06,693314f0-b32f-4796-b3c1-5ce653aa67cf,2024-09-10 11:36:14,32.85,27.65,96.44,Clear,Snow
2c808548-9b4f-4601-be33-36562d789ee9,fa3d8660-d2cc-4b91-adb6-48012ec9422d,2024-09-10 11:36:14,32.79,99.78,64.19,Clear,Sunny
b91afd60-70b6-4a5f-9c14-0132fc0033ff,b2675d24-4393-42d2-8bab-6afcd1112a59,2024-09-10 11:36:14,-26.52,117.62,46.1,Foggy,Snow
9962e6c2-9ee2-4c29-beec-78a5a7527b43,a946e011-7949-4a46-9139-14c43e02fa3b,2024-09-11 11:36:14,-14.1,121.5,65.08,Cloudy,Sunny
e2b2f70b-c507-4f98-8a0c-d546c789ea8a,6a2caf2c-1133-4ffd-b503-5151952319ab,2024-09-11 11:36:14,-9.57,71.44,13.41,Clear,Stormy
373f119f-4339-4c4f-8cf4-ea9790d85089,f4108d88-62e2-4f57-9841-9e2e2ae9c355,2024-09-11 11:36:14,39.19,20.03,77.28,Clear,Rain
2e4d51fb-b0d1-474d-a7c7-cdbf1d419330,e15276fc-17ab-4225-921f-620cd7f43be0,2024-09-11 11:36:14,11.53,37.26,16.39,Foggy,Rain
3ed6ffd3-4c50-4027-add9-5a10d7b4b4d0,5f16e1df-4321-463e-81ab-8a10bb4277e6,2024-09-11 11:36:14,4.03,83.23,33.99,Clear,Snow
6d1f080c-022b-432f-a7c7-9e9afa427952,11d905f5-4b14-40c1-87a7-b26f5e87c28a,2024-09-11 11:36:14,-23.51,136.83,86.71,Cloudy,Stormy
35b989da-fb54-4851-a396-dab5cd22dc80,b6bcd8c6-6aa6-416f-b09c-890fe0784f64,2024-09-11 11:36:14,-7.63,27.08,11.7,Foggy,Rain
fc94b890-2949-4626-ab57-71285b903db5,973ad0d1-3e7a-47b9-9a3e-7b59084409b1,2024-09-11 11:36:14,32.19,83.28,58.03,Foggy,Rain
c431c4ec-d62d-4bb0-b8b8-9ab28919685d,021e04e8-7085-4851-964f-a12432aa459d,2024-09-11 11:36:14,36.68,90.74,34.44,Clear,Rain
8e68037a-4f5f-45ec-a2e1-0c0911dc35ec,ab9711f5-cfa9-47db-b373-c9cd3c5f4816,2024-09-11 11:36:14,-6.06,55.21,93.77,Clear,Sunny
c2d945a1-8a77-480e-8f38-3a65beb855c3,69145f37-fc27-4765-a605-d6560c93dedd,2024-09-11 11:36:14,15.82,14.39,91.22,Cloudy,Snow
d2b45dce-83a6-4331-a6f4-29b0e980bf94,dd6e9042-f650-4d50-b058-e45ea8998028,2024-09-11 11:36:14,34.92,49.36,26.94,Clear,Stormy
b92cc156-e37a-4659-83fd-8abb7470b09d,cef07acf-51e5-4133-b8f2-2e6279ef875a,2024-09-11 11:36:14,0.63,92.98,44.06,Cloudy,Snow
526b32a4-0016-4293-87cb-41ef0dd5a38c,f50792da-628d-4074-a2c8-da2c11140f9b,2024-09-11 11:36:14,13.93,33.26,23.63,Foggy,Sunny
624b9c4f-4aca-4209-a03d-f54b91b1bf63,1a518a3b-4079-4b7b-850b-64ff39a47ba9,2024-09-11 11:36:14,-27.39,74.67,28.62,Clear,Rain
4098418a-30c1-4567-8697-6414b21ddfbf,2793903b-4eef-4fd4-a564-dfe3c21f931d,2024-09-11 11:36:14,5.44,59.57,12.55,Cloudy,Stormy
325328d1-17b4-44a7-a25a-151bf83e34a6,f714400d-5db3-493a-84fa-e812ddce3a2c,2024-09-11 11:36:14,-1.65,147.7,43.25,Foggy,Stormy
6091f441-563d-4a7a-9adf-21c0cd82b89b,ff20056c-43c1-4d8f-a7c8-f6d3951be865,2024-09-11 11:36:14,34.22,71.2,75.71,Foggy,Sunny
5920ce8d-817b-43d0-9410-c2288d3719ec,7798add2-9153-4939-850e-31cd86b4ad1a,2024-09-11 11:36:14,35.18,91.04,30.83,Foggy,Snow
5c415a4d-907a-4b1b-be59-24dba8d23730,1cb2bc51-83a6-4560-89c3-bfee6eb5cd93,2024-09-12 11:36:14,5.96,9.72,48.08,Clear,Snow
4b81954a-a22c-48f5-9d28-a03d7fbd4904,4cbf4352-ad9b-44e9-8274-a46e918c204d,2024-09-12 11:36:14,23.85,143.09,24.93,Clear,Stormy
ec7959f5-28bf-4db5-9f43-751c7d7e80ac,699c538a-b0f3-4475-9fc5-cc205d93ac69,2024-09-13 11:36:14,-2.37,125.42,31.19,Foggy,Snow
c86743d6-729f-47c4-8e79-720fe30e864d,3d7b5bf1-45ec-4583-ad14-2cdf344fc5fe,2024-09-13 11:36:14,8.69,79.87,9.98,Cloudy,Rain
bb33f5e5-ebde-4c3a-9803-9eb029df124b,1dd523e1-3d41-4f45-9c65-17431949f6af,2024-09-13 11:36:14,3.03,69.52,86.26,Foggy,Snow
a4aec880-021c-46b6-940c-6930a9963e81,272ef82e-f119-4d8f-846c-854930263fa9,2024-09-13 11:36:14,-3.39,145.99,80.86,Clear,Rain
3ee8f696-0554-4e05-a1a4-6eba99cf3ddf,a64fa9f0-ef47-4b40-a233-8f7a0a3884c4,2024-09-13 11:36:14,-4.07,20.66,95.2,Clear,Sunny
ae6c8555-b882-4be3-ae80-90039a48f0be,51a65b94-6cf8-4e41-871a-8e068b789a88,2024-09-13 11:36:14,39.59,82.33,94.15,Clear,Rain
79e9c193-4ace-4391-8247-2ea761b9e7c7,5305e28a-3a13-41b3-aaae-cd236925798d,2024-09-13 11:36:14,35.44,132.84,40.14,Foggy,Rain
6b9a54dc-5e3e-4489-8c10-24a8e14f2709,81468dd9-f978-4aad-bc0c-b2b57fb87a25,2024-09-13 11:36:14,32.31,60.89,78.25,Foggy,Stormy
75530f41-8776-49b4-9526-c64f78e8efe8,ea4808bd-5b18-424b-8ce7-6f3ea54f280f,2024-09-13 11:36:14,-3.62,90.01,93.17,Clear,Snow
75ca174e-d79c-4a6f-b7a8-3cee7d132252,2be8cd62-f3df-4631-b855-a028b15d82da,2024-09-13 11:36:14,5.83,67.31,20.66,Cloudy,Stormy
b72a0155-de9c-47e3-9e17-a52532ba6c68,7a2a90ef-1b10-4437-9158-14a291f002f7,2024-09-13 11:36:14,37.7,112.04,73.6,Clear,Stormy
55f9891c-f563-444a-a41e-44cc7478f39c,bbe748c3-2f13-48e0-86e0-6bcf1d767028,2024-09-13 11:36:14,-29.66,64.33,9.85,Cloudy,Rain
bd8aa49c-bbaa-4a9d-8d84-648399ced039,53621b63-db36-4566-ad00-9711764099a3,2024-09-14 11:36:14,27.66,120.77,34.03,Cloudy,Rain
c90a8d2f-16df-4288-a94c-588a408dc30b,7d88ed93-73c0-4d90-8933-5f63d592f75d,2024-09-14 11:36:14,1.57,90.0,96.78,Foggy,Rain
959588f8-c659-4569-9974-71ff50060652,9fef9828-cc43-4632-8820-6a3bc3e812a4,2024-09-14 11:36:14,-10.99,60.13,33.78,Clear,Stormy
2a7a3873-a4cd-457a-bfc7-910a7db0ed46,2ee0f935-65bb-4bb4-8557-79ef8959c56b,2024-09-14 11:36:14,0.02,144.98,44.46,Clear,Rain
b173949a-a901-4e0d-bfca-837ed1875386,6db66625-6e21-4354-819b-2fed3615bc21,2024-09-14 11:36:14,25.65,9.07,66.64,Clear,Snow
adf82b79-d097-402c-b34f-9d4cd5517d05,179429f8-9498-49e8-bf89-d56a4e81f83c,2024-09-15 11:36:14,24.95,78.68,36.77,Cloudy,Snow
a441e626-8b1d-4928-b2a0-f8539f40c7a7,4c77416d-e45b-404f-97e2-d86a27d0eef1,2024-09-15 11:36:14,12.12,133.33,82.95,Clear,Sunny
10ff39af-a908-4a23-b337-73ad13bf459c,4b7269c3-886f-438a-86cd-ed3dbf29c88d,2024-09-15 11:36:14,-1.33,122.59,86.38,Cloudy,Sunny
94509139-0732-4301-8130-b89a99d9fb78,a4301e75-04f2-4f13-ac8c-7f3291bf2080,2024-09-15 11:36:14,-4.91,67.23,48.18,Foggy,Snow
5606e917-731f-4315-b4fb-391ec4f144b6,38ac6458-6d5a-4239-a6d4-11ec0d9a06f4,2024-09-15 11:36:14,0.93,43.65,53.81,Foggy,Snow
78769d37-5e3c-41bb-9edb-03e8ddb30867,a7d05879-e68f-4589-b457-3a73473081c4,2024-09-15 11:36:14,20.22,81.66,37.13,Clear,Stormy
796eda78-4eea-4ac1-8c8f-6284e668c3cd,da37da5b-c429-4aaa-a0a2-46b76e87267e,2024-09-15 11:36:14,-19.3,64.67,5.57,Cloudy,Snow
a963f7ee-f9c9-4fe5-bcb7-f9b6a14865f5,2f6d946c-d024-4a72-b288-d3540aedd182,2024-09-15 11:36:14,-27.64,83.96,64.38,Cloudy,Sunny
b18c9557-e71a-4b8b-beea-64c1762ec06b,0490eadb-45ac-4c1e-88f0-c71100bb2e70,2024-09-15 11:36:14,25.42,113.2,68.9,Foggy,Rain
c244de3f-2e14-45f9-a9fc-8c5d9a424503,63348948-2370-46d6-a4f4-5616cdfb28f8,2024-09-15 11:36:14,33.97,32.91,31.79,Cloudy,Stormy
0a46fc44-0109-49b4-b193-4f00d41bea21,22a77580-d11f-4883-a290-508a8ccdf136,2024-09-15 11:36:14,-13.4,97.08,30.73,Clear,Stormy
f474043b-0356-4687-8805-df0bc65742e4,5bf92c4d-b0e4-44ba-a6d9-d1df629ccf9e,2024-09-15 11:36:14,13.74,146.73,87.74,Clear,Rain
539a5339-76d0-4c5d-aa13-a7477abf2c72,3b730333-b761-4b14-b098-523f4f264076,2024-09-15 11:36:14,-0.6,69.73,56.24,Foggy,Rain
0ba458fe-334f-49c7-886b-d1558aec8822,8a6d5a1e-92fe-4ab8-8a5c-b59966464f60,2024-09-15 11:36:14,13.0,84.93,28.37,Clear,Sunny
5685710c-3f35-42c9-b8f7-53e46981e338,10f52302-2240-4734-bfc8-de2a0e143cf1,2024-09-15 11:36:14,13.81,61.65,78.49,Foggy,Rain
bbf56050-ba3f-452d-b670-270fefbaf896,c7154243-3628-44b2-b6ba-fd4715132dba,2024-09-15 11:36:14,15.12,141.73,66.01,Clear,Sunny
139db55a-64d7-4629-b0af-6f341c0e0ae3,f741c046-a440-4193-a56a-6677e5f80ce0,2024-09-15 11:36:14,1.9,21.63,31.53,Cloudy,Stormy
909df32a-44f4-4918-80f8-2008e3411393,2dcb6711-b130-4b6a-bf7c-3ac29e86d496,2024-09-15 11:36:14,14.19,42.34,35.01,Clear,Snow
c8b3cb64-1665-4aa0-8da5-7888c3122b2d,5706a358-3476-47be-90df-f2fa7230306c,2024-09-16 11:36:14,31.09,45.25,46.92,Clear,Snow
278780db-b24c-4e52-899d-64adde1d9a5c,e17d640c-7fad-4c22-a286-50b2a9251c81,2024-09-16 11:36:14,-28.42,76.9,21.24,Foggy,Rain
8648a04a-ad3c-47c5-81e7-9d068d91ba4a,2fdad6bb-3e63-449d-9259-e5374d89afe7,2024-09-17 11:36:14,36.63,88.09,27.13,Clear,Sunny
613cfb7b-5d38-46f0-b012-1f36a33f7f51,854d8c5e-c1d7-4618-aee5-00ac7d7107fb,2024-09-17 11:36:14,-22.46,54.12,98.75,Clear,Rain
dd54ea27-0076-471d-8474-e0ad44bd8ad9,8240084c-8bed-4883-acb4-c7e16bf2d9b7,2024-09-17 11:36:14,-4.78,44.25,67.94,Cloudy,Sunny
bd179828-eb2e-4450-a0d9-6ed0b70ef6a9,2157b59b-5ded-4051-87d4-500b04eae844,2024-09-17 11:36:14,-26.44,20.32,15.69,Cloudy,Rain
c9584c9a-858f-46be-b4cf-aed089c6262d,795f252d-db1e-4c7e-bf9a-a834d97c2125,2024-09-17 11:36:14,4.27,67.76,22.42,Foggy,Rain
25ca3cd4-3971-4ff6-93c6-c90597d4cb8f,5b6b4331-5571-480c-86dd-8468da5449c6,2024-09-17 11:36:14,0.66,67.26,17.67,Clear,Rain
be7a0fef-b94a-47ae-9ca5-7ec13e264d53,cb83fc9d-aa13-46f9-9d37-81ffe59c42ab,2024-09-17 11:36:14,1.24,146.99,40.3,Foggy,Stormy
1a5aa32c-3b76-452d-9513-c94d65c5d969,63f6d5db-2949-42d0-94c9-5e7c7e4e776b,2024-09-17 11:36:14,-1.57,59.25,91.12,Clear,Sunny
f8efc1d0-9fd7-4612-90cd-e28f740036dc,056f6d32-4393-4212-90ce-68175d69fccc,2024-09-17 11:36:14,9.22,95.75,62.02,Foggy,Snow
60212f81-4487-4d37-bd0d-fb2ea18cc698,3ac48730-bc94-4f24-bcd6-1cba3a9c0ce1,2024-09-17 11:36:14,-11.94,110.48,53.61,Cloudy,Rain
3b5a9ead-33d4-410d-9982-56ebc451fd2e,694e0fe4-85e5-4fb8-81f8-0ee74b79ecba,2024-09-17 11:36:14,-14.65,48.46,56.04,Cloudy,Snow
50514265-7c90-4da4-8cd2-e8593e7ab134,cd6cb393-fa5c-4213-8cac-abb8eb28e99c,2024-09-17 11:36:14,22.52,32.76,89.28,Foggy,Snow
1707b2c4-372f-40cf-ba23-098942fa2182,c92279bb-6b9b-4b57-9878-9e7d9baa67d9,2024-09-17 11:36:14,-26.91,11.45,23.87,Clear,Stormy
4551db3d-ed2a-4baf-845e-ecc9c94dd867,0edd1c1b-c7a8-45bd-8559-309b140d487d,2024-09-17 11:36:14,21.18,117.54,97.88,Foggy,Sunny
cad22080-b3d3-4f7b-a92d-e3c995179753,326388f4-5b47-491b-a548-d6b0602634c1,2024-09-17 11:36:14,18.81,22.15,53.35,Cloudy,Snow
b75341e6-3296-4a88-9999-71ab66b1c108,72f9e5c3-92ff-483d-97ac-fb4dd72c410c,2024-09-18 11:36:14,6.35,106.57,35.39,Cloudy,Snow
a3009f09-eb9c-4c81-8531-f88b692bbf7f,329f5551-a95c-44f6-81f7-e1f50634e113,2024-09-18 11:36:14,-27.13,6.8,69.25,Clear,Stormy
554cdeb2-97fc-47e3-8e6b-71d3a44703cd,96907f35-3c62-410c-a5ce-a6b0b657b11d,2024-09-18 11:36:14,25.18,45.79,61.52,Foggy,Stormy
99260a56-af68-4ff7-bec4-24d967a15d89,9d208b53-6076-47b9-98cf-1f983aa11156,2024-09-18 11:36:14,15.74,98.67,76.21,Clear,Sunny
53f295d5-0230-4b29-9be8-3d583a860114,b0670bf0-916a-4f4f-8775-e4c3c3101427,2024-09-18 11:36:14,-11.29,84.54,66.67,Cloudy,Sunny
38c3f7b0-d176-46dc-b57a-07fdca7f30f4,c6c873a9-7e60-4531-a3b4-a12163f0dc5e,2024-09-18 11:36:14,-13.53,77.34,82.17,Foggy,Snow
8f764b44-fe5b-4ca6-b47b-9f44bec474a0,11e44e43-f60c-4af1-ad90-cc1e548f8271,2024-09-18 11:36:14,-22.05,54.87,69.0,Cloudy,Rain
4ff81d86-04fa-4ff1-992f-a46fa885410c,8a58a0df-64d9-474b-9d98-fad4f49b13ff,2024-09-18 11:36:14,10.48,137.52,91.01,Cloudy,Rain
f484328b-cdc5-42b9-b807-4f2e05f70596,4549d5ce-095e-4f8f-bbd7-6a6b7b8e180c,2024-09-19 11:36:14,-24.71,112.71,56.63,Cloudy,Stormy
45c09581-04fa-4288-8596-da18cb61287a,cceb80a5-0e3a-4491-b1f6-0aafefb123b7,2024-09-19 11:36:14,26.55,148.21,23.01,Clear,Snow
e5cf1c80-4e60-4b28-90cc-e4c376cb4bea,9b132a3e-dbbc-4c31-88c9-1f296006af54,2024-09-19 11:36:14,1.51,70.16,41.72,Clear,Rain
500f6521-7b86-40f5-9bab-f3ea6d4d1541,f2c2eb2e-7c0e-4bb1-bf9f-bfb055d8025f,2024-09-19 11:36:14,-8.52,41.9,27.64,Clear,Sunny
90edb16c-3fd9-4539-a029-573d76d63bab,b3b12105-1c36-4610-a934-682c213eb905,2024-09-19 11:36:14,-23.22,111.45,96.4,Cloudy,Stormy
663c4cf4-ca5f-4b9c-9a6d-51fcf726b294,8c310723-5943-4bd9-bfd6-7b6bcf8a96b4,2024-09-19 11:36:14,34.69,48.63,95.78,Cloudy,Snow
61804ffc-3680-409a-bec6-0ae5a7f5758e,24442b9b-9a3d-4eca-87fd-02eb2f0eb9fa,2024-09-20 11:36:14,1.95,106.78,20.51,Clear,Snow
4c222d1a-d904-41bb-bf3f-bd0a02431345,55fe640d-ae71-4603-a87c-62ceb1072da7,2024-09-20 11:36:14,-14.86,24.24,29.77,Foggy,Snow
17ebcc12-157b-40b2-86e7-7f1c45bb8b32,40f736a0-5bbb-4d33-83f6-060dd4c44001,2024-09-20 11:36:14,1.02,93.27,88.37,Foggy,Stormy
481e3f59-5d22-4dac-ab3c-8cad9dd8ce59,58b69a6e-f9ee-45d8-851d-15ee52976b08,2024-09-20 11:36:14,23.08,41.31,46.23,Clear,Stormy
3ebd877d-b1b3-4b61-a00b-c100c118a8dc,3698de8b-e9da-4ee5-a2f3-0929b7876730,2024-09-20 11:36:14,-10.32,2.43,14.9,Foggy,Snow
d4405df4-d842-4619-9b37-fd062e749f0c,07bdbb22-a43d-46a9-b59c-cbcf2a5df03d,2024-09-20 11:36:14,11.12,99.7,42.21,Foggy,Rain
d0b94597-48c0-4a93-995a-f010d8b71b20,b583e9c8-ee07-4fdc-a851-5b43d2349860,2024-09-20 11:36:14,10.81,110.03,31.31,Clear,Sunny
0bb4e123-8a1c-4605-a68c-b3871efa4456,48654220-15f2-4d85-a5a8-cfe7335a54a5,2024-09-20 11:36:14,-0.71,82.85,35.21,Clear,Sunny
487a5b6b-8dd8-4736-a2b3-30164eb83309,5cae0974-262b-4292-a1a3-a174a0dc79c6,2024-09-20 11:36:14,28.74,118.62,60.43,Cloudy,Snow
bb4324b0-cf10-4309-9788-6edac997d63c,9818431a-ea15-492a-bfe5-639c2ce7e188,2024-09-20 11:36:14,-29.66,143.09,43.92,Foggy,Stormy
a63378f8-f4c3-4579-b773-ba3b962f21b9,b7ae6e38-0c46-4164-a7a8-3511eb2aef39,2024-09-20 11:36:14,-0.65,93.44,77.69,Clear,Rain
815d0ad6-6648-41ff-8dd6-a1a959c7e2c1,6116b065-ffb3-4c31-ac9e-a2405a5aa118,2024-09-20 11:36:14,-22.46,85.16,33.09,Cloudy,Snow
bddcd612-0410-47f4-bad5-dd2e6715348d,594651ed-9464-4c24-80c7-6e8117910a12,2024-09-20 11:36:14,30.18,58.49,12.26,Cloudy,Snow
aa4202c1-9e65-415a-992b-a9597911a445,11dcbfa0-4e2d-49a7-8237-cb3f74ab7492,2024-09-20 11:36:14,9.28,122.83,16.73,Foggy,Snow
9eb702d9-a0e3-4067-8a5d-6711506bba9e,c214bb63-a5ab-4d3e-baf5-9e4afd4a32eb,2024-09-20 11:36:14,35.37,21.78,56.44,Clear,Rain
40e332e7-bee6-4869-9da4-923b8e407879,664445d8-1c88-4f7c-bc57-55b0ea59be53,2024-09-20 11:36:14,38.53,93.51,13.65,Clear,Stormy
06a1f1f3-bdd5-4e37-84f9-e62abae82993,83f9a1c9-3672-4d1f-908c-fffed39b3c40,2024-09-20 11:36:14,-13.5,71.07,89.43,Cloudy,Sunny
9bc16f66-3859-44b5-af9d-1b77c3976780,b89495e8-6060-4bc7-85cc-d1a04d377efb,2024-09-20 11:36:14,15.04,68.19,42.11,Foggy,Rain
6e869653-2da0-4796-b9cf-e20632f600c5,63d9e6a6-0c5c-4879-9c67-e8211c451ffe,2024-09-20 11:36:14,15.41,89.25,0.96,Foggy,Stormy
95c09f48-f13c-4ffc-8a29-0f29d565b42d,7bcf736a-d55d-4c7c-b527-e43aaa46439b,2024-09-21 11:36:14,-14.81,84.42,35.8,Cloudy,Stormy
a708a530-a15a-49cd-86b5-5bd6e82dc07e,b3c40429-1a0c-449d-a69d-eb88b77b7ddc,2024-09-21 11:36:14,2.22,103.85,15.89,Clear,Rain
154c1192-c384-44b6-a9d9-4bc73c5ed0e8,58bbb85a-929f-4d3c-b385-3649a9e64a1a,2024-09-21 11:36:14,11.51,55.63,99.11,Cloudy,Stormy
59b140d3-5bbb-49c9-b1ba-5e691e43610c,a95dce1d-0735-44b9-bc00-c7050e01173f,2024-09-21 11:36:14,-29.88,99.16,90.16,Foggy,Rain
6a2c42be-7582-4d9e-b379-38d4792b42df,ffa64198-96a8-4c73-9ea3-1261eb5014b1,2024-09-21 11:36:14,-8.54,33.27,9.55,Cloudy,Rain
c7bfd02a-76ff-4027-bb5c-2a1fd5da11d6,662faf81-0975-4387-acc2-6ec20ee26e70,2024-09-21 11:36:14,9.53,42.79,73.77,Cloudy,Sunny
6c487388-863d-4376-b163-81cefd8cd6fa,9c1f2849-2e30-4627-8d40-d6243822cf96,2024-09-21 11:36:14,26.63,4.99,68.86,Clear,Sunny
edf34e95-bb87-4a93-9f59-0e8b606892eb,4a07065c-8d92-4864-afca-fc67cdfb6d9d,2024-09-21 11:36:14,-11.7,104.19,20.41,Foggy,Stormy
9c2e8110-c2a1-4415-98f8-a530069ff222,6ac4c0eb-1cc9-4382-92e3-2088c3e58d58,2024-09-21 11:36:14,27.98,20.7,27.94,Cloudy,Stormy
7452fb51-ea71-48e6-94f2-a15b4d8fdcab,8aac1326-93bf-43bf-bcf0-8d0ee244c0aa,2024-09-21 11:36:14,-14.26,1.56,9.5,Foggy,Rain
9c3adeb4-635b-4016-858a-a57123210544,7ced423c-3998-4b5b-b61c-e00b5f862a79,2024-09-22 11:36:14,10.49,38.99,86.97,Clear,Rain
d766d915-8999-46ef-b92e-6785b3bf6a8d,f6ffb36c-35f6-4357-981a-af73a380c55d,2024-09-22 11:36:14,-14.88,85.42,13.55,Cloudy,Stormy
335c4fc8-065b-44d3-9aa7-9f4ceb3249c4,2f60a1e2-9823-4340-a4a8-07ad5986d532,2024-09-22 11:36:14,39.27,94.25,89.25,Clear,Stormy
57877685-6796-468f-bdd9-822fe2606a83,f200c511-e008-4460-96c6-0694309f0f1f,2024-09-22 11:36:14,6.78,38.27,61.13,Clear,Sunny
b3165772-6b1a-47e9-9630-0adba654f3e8,bf6e8b3e-154b-4185-bbbf-38637aefab0a,2024-09-22 11:36:14,-8.78,75.3,66.94,Foggy,Rain
ad6e54ca-4eb6-4d3e-81b1-b21f4f996927,e73b8ee7-e502-4647-bbb6-12408b9f2784,2024-09-22 11:36:14,33.47,129.82,66.31,Cloudy,Rain
3b8442a4-7122-4132-b699-af66dc9a56ed,b0f3def1-9106-426a-affe-cf792f38e2b8,2024-09-22 11:36:14,-17.18,137.12,67.41,Foggy,Rain
2b11f4a8-e237-4fdf-b099-d9e3e5faf9d7,615dec3e-2287-4ccd-b71a-962b6a2f91d3,2024-09-22 11:36:14,-26.46,62.24,29.44,Clear,Stormy
f1aa20c6-be9c-404f-8850-8a14d5a25c8a,29df77df-45b9-42dd-ba5b-98cd83ccdf66,2024-09-22 11:36:14,-19.84,121.75,88.72,Foggy,Snow
aaf686e8-df50-48a0-8311-09f0064c6458,54f11c06-78d2-4620-9bbd-ea93578e6fd5,2024-09-22 11:36:14,-14.4,135.96,46.46,Cloudy,Rain
911ba76f-692f-4713-a885-6baab1e4b8d9,4ef35e38-e4ba-41f3-9fc9-4061e46732bb,2024-09-22 11:36:14,-9.42,15.81,91.4,Cloudy,Rain
9af3329f-192c-4139-b0da-c23fb205950e,6912e734-d9ac-4bea-beaf-a4e5955ebe8c,2024-09-22 11:36:14,6.01,114.85,55.56,Foggy,Snow
c5ab511c-0217-46bf-83d5-5f81c31af5f5,0c354303-b6fa-48a8-b8c9-bfa13c6786ff,2024-09-22 11:36:14,35.94,100.22,98.59,Cloudy,Sunny
367af645-fae1-4bb4-9bb3-ecaaa403340a,af389ecb-cc0e-4738-8767-8a7a46ad9521,2024-09-22 11:36:14,-4.26,11.71,67.71,Cloudy,Snow
d3c13c29-6911-47d3-8c93-cac264782593,a96a6b50-9199-4f91-a4d5-009ae7640b78,2024-09-22 11:36:14,-13.34,62.97,25.49,Cloudy,Stormy
512db60a-504b-40eb-9409-f5b48d916145,21c0a19e-53e5-4fca-8200-8e96834b34d2,2024-09-22 11:36:14,27.82,48.38,12.12,Clear,Stormy
a51888c1-e548-4720-8e26-b3de9ba87d97,a252204a-c6b9-4b35-a6be-2f90e31020ec,2024-09-22 11:36:14,-27.59,107.66,86.62,Foggy,Snow
b6636dbc-8262-4751-ae2a-e459f499d8ca,861706cf-f185-42cf-affb-daaff9906e96,2024-09-23 11:36:14,-19.81,24.97,75.07,Cloudy,Sunny
c91d6bb4-a1fd-4201-88ec-f3cfe1df6f59,03fe114f-93f1-4983-927a-d76298dbcdea,2024-09-23 11:36:14,-7.74,76.63,12.06,Foggy,Rain
2b09bf73-4abb-491e-95a7-362f12e2922c,7149366e-5843-466e-961d-9ba31ce4aa0e,2024-09-23 11:36:14,28.34,18.97,33.14,Clear,Sunny
7484ee63-9ab2-4f4b-920d-97abc9cb3def,e1f5ecd2-16a0-4f6d-b060-009c4147159d,2024-09-23 11:36:14,-4.12,26.89,25.39,Foggy,Snow
0585999d-0c1e-4e17-8651-fc7a17c1d4df,938d9edc-f3f6-457e-b131-39c836e04aad,2024-09-23 11:36:14,36.91,23.75,54.39,Cloudy,Rain
4e173aab-386a-4bb1-a05d-7908856c12b4,a733ad4b-6b93-4159-98b9-bc4bdc54d9e4,2024-09-23 11:36:14,-1.87,128.0,53.39,Clear,Sunny
1fe44177-927f-4f22-bcaa-7ab22818fc97,620974a7-01b2-433d-b490-726caf33e3db,2024-09-23 11:36:14,20.01,131.19,42.99,Clear,Rain
2b2c9290-b540-4469-b9d2-83be72c91b2a,4372af19-cbcc-4dc0-aedb-a72799dbd014,2024-09-23 11:36:14,-9.62,72.51,1.41,Cloudy,Sunny
75972d29-834d-446c-9275-c8e211104fb9,50996fe2-8948-4c14-a79d-fb9917b8f2b2,2024-09-23 11:36:14,-10.46,1.4,16.89,Cloudy,Rain
e5917505-6f12-4c43-8aef-ce7a4a8da09f,7ca7aad2-87ab-46c1-8a03-00884ae23c41,2024-09-23 11:36:14,30.81,138.06,65.6,Cloudy,Rain
b1e28890-dd1a-4f3e-a516-e743ff932b1d,56c83702-1fb0-4a74-8479-ec9cc3e2f211,2024-09-23 11:36:14,33.63,105.62,69.93,Cloudy,Rain
29ab3807-d09f-4b66-8993-840f7273043a,112728e0-7a78-47f0-98b8-800a3af90a4a,2024-09-23 11:36:14,-9.73,86.15,96.35,Clear,Stormy
1cbf8a27-a12a-4414-b278-29b924e42630,ff7416bf-480e-4f5e-b570-51a6de6b641f,2024-09-23 11:36:14,35.11,114.62,28.95,Cloudy,Stormy
3c2bacb0-dbb4-4fd3-aef9-c7525b631991,b1faaa33-0d07-4385-9265-1cfb87a39508,2024-09-23 11:36:14,-8.6,35.19,35.04,Cloudy,Snow
28d99c2f-47be-49ae-bd11-7b702e7cf48f,efe9dfb2-510b-4dd1-ae05-a53ca4024642,2024-09-23 11:36:14,-0.61,84.92,61.59,Clear,Rain
009350f5-4180-437d-a2b0-7ea9c746f44c,7c9603c5-87a1-4236-877d-4016b2cd114c,2024-09-24 11:36:14,33.97,128.45,8.85,Foggy,Snow
1a72343b-4c20-4557-abeb-15e7feed8064,69639fe5-7042-4500-bf04-af85130fe141,2024-09-24 11:36:14,-8.57,79.1,2.52,Cloudy,Sunny
ca6ee5f0-f579-4f05-a9b7-a91125bd6f1f,a7c380ce-47a4-4eb4-93e0-14abf97edf29,2024-09-24 11:36:14,36.87,34.84,84.03,Clear,Sunny
0e189194-7bf0-4489-808a-e71e764ccc2b,ef84541f-c7e7-4b6d-8a18-8dd19f5a1e67,2024-09-24 11:36:14,37.58,85.05,9.77,Clear,Rain
e7b5dd92-438d-4de8-8439-b0dd3140d180,f7d0ada1-24fa-48f8-b2e7-3913da76c444,2024-09-24 11:36:14,30.63,75.06,49.04,Cloudy,Snow
c88a0876-7709-4338-84e5-47db396634b6,b3a26f07-8900-4ce1-ae60-aebdb2b37c60,2024-09-24 11:36:14,6.54,138.13,24.12,Clear,Rain
62cc99f1-395c-4645-b849-bdedc9b391cb,cd8c562b-3037-44c4-8074-6b868a9f58e7,2024-09-24 11:36:14,34.41,53.44,31.05,Clear,Sunny
c079327f-6976-4048-bc4c-2d7d3865ad04,73ddc4f5-0361-4411-bd8c-902b5cb3517e,2024-09-24 11:36:14,24.69,140.85,49.9,Cloudy,Stormy
3aa326dd-844a-4123-a327-f764a32df320,89ca3cf0-50df-44ca-aa95-c41d2b14da79,2024-09-24 11:36:14,-20.94,94.81,2.65,Cloudy,Snow
13d0ec79-ddf7-4e79-985e-99208d40bf7c,8a8dbbc3-39f4-4cf0-809a-bf3a8ad495bd,2024-09-24 11:36:14,36.36,121.8,22.68,Cloudy,Snow
be6d7fae-5e24-487c-ad29-c1993ab78de2,fb42d3ee-1bcf-41fc-ba78-3eda95af6d0d,2024-09-24 11:36:14,-11.91,106.88,95.37,Cloudy,Snow
66273ef3-31a7-4e79-8302-73b2024317f8,0d5ae482-7142-4a08-9b26-0acb7414ad76,2024-09-24 11:36:14,-12.41,80.66,98.35,Cloudy,Sunny
ba565d29-a4fa-4caa-b94f-5165632f7b2c,7047ba4c-67ae-456a-867b-6e9493f59702,2024-09-24 11:36:14,24.15,119.07,89.91,Foggy,Stormy
87e0af5f-9779-45c7-80cd-e828de7d1487,ba482ff1-f457-4eef-b667-43407a5450ee,2024-09-24 11:36:14,35.59,21.41,86.53,Clear,Snow
5f3201ed-9ddc-451a-b680-14f90c0c1788,fd1e7032-541a-43a0-9853-64dcafa8d4c1,2024-09-24 11:36:14,-3.92,19.48,20.22,Cloudy,Rain
f0ea9a9a-f9f6-440b-98ce-fb3b08d63dba,a94b95f2-0849-4036-8bd6-107251e32a7d,2024-09-24 11:36:14,-6.95,113.88,11.56,Cloudy,Stormy
9c3bb80a-18c6-4563-bcba-5dde7b3d692d,ec4caec0-d540-4324-9083-8d36268784d9,2024-09-24 11:36:14,-12.09,111.46,73.06,Cloudy,Snow
9547839d-2503-4c6c-bdbe-b8080136d21c,eb9e9e0e-e7db-4409-9d47-f6cc89293a2b,2024-09-24 11:36:14,-0.34,16.24,31.52,Cloudy,Snow
d12f3135-0707-4bcb-934b-baf90369e58a,ed3bc67d-c832-4aa4-bd32-3f8278773529,2024-09-24 11:36:14,32.02,99.08,27.24,Clear,Snow
84d16d36-546a-4e7b-b9f0-b2721016e850,5729d462-d38b-43fa-83cb-2560964e4b9d,2024-09-24 11:36:14,-26.73,113.89,57.05,Cloudy,Rain
0e967671-4998-48e2-86a5-868eb73823d3,57352e72-42f4-4606-9108-334239fd2756,2024-09-25 11:36:14,38.74,149.81,20.57,Cloudy,Rain
cd181071-5e7a-42b1-939e-5dfdac295a5f,a5fc4a23-0786-451b-b8d8-51df6e34c842,2024-09-25 11:36:14,27.32,22.71,24.26,Clear,Sunny
56e5e92e-dfb3-4f39-85ac-33cfac61d66d,d05e7104-c215-4a43-a74a-bc410e7e6c6f,2024-09-25 11:36:14,-24.61,58.25,27.42,Cloudy,Sunny
d6c3d40d-5523-46bb-a03c-9f9f81622a54,65c11032-753a-43a6-a734-0574cceb230c,2024-09-25 11:36:14,30.9,118.26,30.54,Foggy,Rain
5ca0f2c9-307a-4339-b2df-b867076a9449,4a2863ed-e0ae-4ada-b183-a0034fb287da,2024-09-25 11:36:14,37.15,111.79,42.36,Cloudy,Sunny
dee1f520-9f1f-47b9-aacf-f816a27dad16,eba4d929-be47-45ac-909e-c80eb050cca0,2024-09-25 11:36:14,-6.55,69.9,77.26,Cloudy,Stormy
02bca0ed-1e5c-43bf-8b2e-8dc48c7e14d0,ea901a13-b2d4-4f99-baaf-ab82440072f7,2024-09-25 11:36:14,-14.04,78.82,99.91,Cloudy,Rain
6c45d769-a215-4ebe-b2ba-4e087a7fa056,6006213f-5088-4896-9ecd-1b1c578f2b05,2024-09-25 11:36:14,29.99,121.54,68.04,Cloudy,Rain
d4f1260e-99dd-4980-b353-b77d7a0421de,3a2398d7-0cad-4ba7-bda3-6ef44cc6afac,2024-09-25 11:36:14,27.69,43.4,0.46,Cloudy,Rain
4f878f38-6336-4608-9e14-0671e3b2bcdf,dbb88b32-ac19-43ce-8bc5-91a7ed22eb4e,2024-09-26 11:36:14,18.97,11.97,61.77,Clear,Sunny
6ce79d2b-c381-4628-91b2-68b8559e2961,45bd8c31-8cf4-4006-92d4-f281ed0aa8dc,2024-09-26 11:36:14,8.95,64.48,5.28,Clear,Stormy
3e6fc77d-be67-4818-a531-cec54284a939,b337386f-76f4-444a-8145-6d54e4b84eb9,2024-09-26 11:36:14,26.67,37.69,99.65,Cloudy,Sunny
4b2d5f4e-5356-43e8-ab2e-4ea1b96eac43,a037f101-83bc-4314-8d45-3f06e17039c5,2024-09-26 11:36:14,29.4,31.93,12.37,Foggy,Snow
6bdf4793-62e4-4e35-a56d-5680d0510be9,8833a63d-6c7e-429f-ae27-a7b9ed4f6eb8,2024-09-26 11:36:14,17.63,137.88,76.39,Clear,Snow
cf7b4a82-0e5e-4022-8b45-a0e24fc6c581,641a42b4-dbbd-4cc0-b087-6125b800c054,2024-09-26 11:36:14,18.23,85.41,39.43,Cloudy,Sunny
ecd8b7da-59dc-46a8-aef8-1988640255f6,9c707e03-0201-449e-94af-4237eb65c07e,2024-09-26 11:36:14,-9.54,89.96,35.55,Clear,Rain
4fabeefe-aadf-4862-9958-39645037e83e,15d4e022-1b70-499a-a78d-657d9250eb6e,2024-09-26 11:36:14,23.51,8.98,0.75,Foggy,Snow
462929f1-d902-4a39-a8ef-1fb8bfc650fb,9af2e6fb-b746-41e6-afa3-503c43684a33,2024-09-26 11:36:14,8.64,98.82,99.43,Clear,Stormy
0e25f592-53ca-4a38-b0aa-f5aef8877120,d9d92e84-e622-4087-9bab-103207058aef,2024-09-26 11:36:14,-26.57,0.51,47.39,Cloudy,Stormy
f433fa0f-18a7-4ac7-be50-f75c698b1e2c,39c56541-36b2-4039-93c0-d3f525655b55,2024-09-26 11:36:14,-26.09,98.69,51.13,Foggy,Stormy
8c33a2f7-6269-47cd-b6d5-f024183962da,c498f9a4-65bc-45a8-bee1-ae66c6bb6c88,2024-09-26 11:36:14,6.41,5.71,88.31,Cloudy,Snow
eef7e273-e418-483d-a7fc-43d55f2306d5,6fdafecd-cd2e-4007-9422-12d677f7bd07,2024-09-26 11:36:14,12.93,60.77,14.64,Cloudy,Stormy
da92a830-0372-4b5c-926f-18ec185771d1,a2c5002a-830c-4857-942a-5e1f9314fff4,2024-09-27 11:36:14,-1.05,135.15,5.37,Cloudy,Snow
b07ba090-44ed-4603-a28f-bcd63f04e4d3,c4641b5b-a442-4120-b2e4-ad24f0d4fe39,2024-09-27 11:36:14,21.19,78.14,52.51,Foggy,Sunny
548ed947-6989-439c-b786-414ca4fd4b4d,9a86ee39-bcb3-4561-89f9-02f6ca7ccb7b,2024-09-27 11:36:14,4.01,143.87,1.6,Clear,Rain
af39d948-7327-46e0-bfe4-fa4ae4e126c8,efac33fb-6f6c-402d-bc3a-9966fc6b95ab,2024-09-27 11:36:14,10.22,110.98,68.45,Cloudy,Sunny
6b6d41da-ab72-4bbf-80f0-6d15ea0a53ad,b20f4a91-d02c-4401-9300-15d48d7ba3fb,2024-09-27 11:36:14,-26.55,9.31,89.76,Foggy,Snow
fac5b7f1-caf1-4b65-b24a-086c4ee0fd05,23d71d6c-7250-4fc9-a928-dccfad930b2e,2024-09-27 11:36:14,-29.98,28.49,95.98,Clear,Stormy
548b49ca-b9ff-430a-a9a0-04193745a8da,e92d5c4c-4b54-4b81-8078-216789004945,2024-09-27 11:36:14,-19.65,83.35,83.1,Foggy,Snow
dcc26171-8ba1-4b03-aba5-33f143d8e426,7418d7f8-0b53-45ce-9c95-a0e3288fe373,2024-09-28 11:36:14,29.91,89.02,23.7,Cloudy,Rain
8473b747-1d76-4136-9fd3-ad628231b44c,bf9edc5e-7497-401e-8505-bd42dc3fd4b7,2024-09-28 11:36:14,25.59,149.57,5.44,Clear,Rain
3cb4bcc3-e2e5-4af0-813b-07e1eff35b79,a242ebb6-c5df-4df7-84f4-8e5b24f9b4ff,2024-09-28 11:36:14,-6.06,97.18,24.93,Cloudy,Snow
293a284f-afab-412f-a7af-4a30c8bb2e90,37f1fea9-b3f7-4651-91e2-4a8be327712e,2024-09-28 11:36:14,0.42,115.34,45.33,Cloudy,Stormy
3d0e7566-355f-4e96-a510-9fa730d504af,f29c416a-bf9b-476a-801d-f977cad6e312,2024-09-28 11:36:14,26.96,24.82,6.79,Foggy,Rain
c16a8a14-be1f-4b1e-bc0b-3a23fbe423c9,0b51c3b8-4cac-41c3-8f50-b30d95d5217b,2024-09-28 11:36:14,-17.39,122.68,12.8,Clear,Snow
720e9ae0-b2fc-45ca-a588-7766c06eaef4,1677f282-0218-4b2e-82e3-85703cc18e4c,2024-09-28 11:36:14,36.76,47.45,7.15,Cloudy,Stormy
8843f143-175c-4ba7-bd0d-55db30fc19ed,57f54d30-c6b8-4011-81ff-72e39c5a4412,2024-09-28 11:36:14,-19.34,134.52,33.84,Cloudy,Snow
eb6cfc65-37d3-4598-9a1c-e04c5b9d5aeb,a2af7bf1-b084-430d-98c9-ca59d0a66799,2024-09-28 11:36:14,-1.72,59.2,89.77,Foggy,Sunny
f14a118c-d73e-4b2d-89c1-e232283e7aee,e1573da7-ffbf-477e-a181-e0208d0e7622,2024-09-28 11:36:14,7.2,33.96,20.54,Clear,Sunny
0e20346d-23cc-4c0d-9763-706f2b5f281f,50044d97-263b-4804-adc9-735014d8a660,2024-09-28 11:36:14,-12.11,95.69,22.16,Cloudy,Sunny
2b96399a-3263-4965-94fe-b5a4d97620ab,b22337f4-d3a5-4d95-9cc3-306979350320,2024-09-28 11:36:14,-21.85,8.14,86.22,Cloudy,Snow
2dc2146f-3de7-4730-b058-8801f244d32f,982fe559-0c07-46f9-a216-a48fb88db7f4,2024-09-28 11:36:14,26.74,25.94,68.35,Clear,Sunny
22ea43bd-e16f-423d-8dcc-ff7d8937bd24,c96e1702-4093-4bd0-84a7-a958f951ac3e,2024-09-28 11:36:14,-14.21,126.52,56.7,Cloudy,Rain
75988cb5-74e9-41d9-8f61-d83e3e443826,7250e631-f247-4765-9395-b57a66ed1728,2024-09-28 11:36:14,14.75,46.66,59.98,Clear,Snow
1f878091-5c09-495a-8fc4-83e75025a449,6cfad469-f9d2-4a58-98cb-b89b3f85d459,2024-09-28 11:36:14,-5.5,61.4,0.34,Foggy,Snow
fc80f80b-bb58-4f04-8eb7-ca3dfddea0c8,df7a7c4d-5ea8-4a06-b978-dbf0b90835d8,2024-09-28 11:36:14,-9.36,80.72,10.46,Foggy,Stormy
25bb9af4-2b14-426f-800d-74b69861162b,801a64a8-551a-4d68-a847-9659fe14fd52,2024-09-28 11:36:14,30.74,123.18,81.43,Cloudy,Stormy
0aa722eb-b708-4b89-a9c8-8b34993b7bc0,30d424b1-ef16-4ecc-a8d7-5e7e526a8be9,2024-09-29 11:36:14,9.77,20.42,21.81,Clear,Snow
7110cd60-ff20-45fd-9aae-60fcfcbbd865,ed66b032-a001-4b76-917a-1871353f34bf,2024-09-29 11:36:14,-10.0,107.92,69.62,Clear,Sunny
5fa8dbdb-a730-4b42-bee3-b130d5d49cc9,82e8f8aa-d6ce-4646-94ee-b71865121d09,2024-09-29 11:36:14,-19.93,48.84,33.65,Clear,Snow
f3b5bf9b-d611-4799-b1c9-f2c60ab64652,c9cc3b6e-2447-4ef4-9709-8560d59d704e,2024-09-29 11:36:14,-5.0,83.61,45.55,Foggy,Sunny
d181753e-bffe-4e66-aaee-072d2ee15ad0,e20e0942-2f79-4b08-94ff-3d6b2c2a00b5,2024-09-29 11:36:14,26.45,41.63,6.25,Clear,Sunny
7de63f00-7b81-463d-807d-d0258a6f2552,1a8160bd-6318-4076-a65e-bf8eec1d273d,2024-09-29 11:36:14,30.17,95.53,31.69,Clear,Sunny
bcb88dab-4c4d-4d84-9286-9f3c8146b8e3,272e6ff6-014f-4ef4-bbd7-b6559f2b645d,2024-09-29 11:36:14,-26.09,53.75,20.77,Foggy,Sunny
e90d667a-ee1d-480f-9c54-9f6a2b3a4dc3,cb7bfa53-f04f-494a-a52a-499b56e99ae7,2024-09-29 11:36:14,32.57,90.24,66.6,Foggy,Stormy
efb506bc-07fc-4835-a844-f757a4f624cb,1ef62ca2-f253-478f-8f36-f60c339716a0,2024-09-30 11:36:14,17.12,18.53,38.06,Clear,Snow
8007a89c-91c1-4798-a137-50d6e36201a0,528fb663-c451-41c8-81a3-72538c779389,2024-09-30 11:36:14,28.91,81.04,40.7,Clear,Rain
203dfab0-7099-46ab-88ca-578e15d8f345,524d6f05-fb52-491b-9ffa-7b00a62a1771,2024-09-30 11:36:14,11.98,93.93,4.88,Foggy,Rain
afcfc33a-288b-4372-944f-6cbe3429e952,5ec1c887-de0c-4529-a083-85a05f8c0468,2024-09-30 11:36:14,-26.79,61.31,53.23,Cloudy,Snow
582e2ee1-55c6-431d-95bd-dfb824caf964,dd803264-1298-44be-be02-72b4691ccaf0,2024-09-30 11:36:14,-16.21,61.73,20.78,Foggy,Stormy
e4975f29-690c-418b-b49e-46510adfbbf0,45db4816-9fc3-4bf3-92db-96a63d450ab2,2024-09-30 11:36:14,36.37,83.97,75.55,Foggy,Rain
57e18cba-3146-43a0-8565-f4349e3c547d,eb49be5a-fde0-4725-a145-a9623476a12b,2024-09-30 11:36:14,0.3,72.18,43.32,Clear,Snow
89aab5f7-828a-4416-8df3-d9aa7320cc81,48ce28cd-2b74-41c0-9051-b6560129e69e,2024-09-30 11:36:14,-23.49,95.6,59.01,Cloudy,Snow
64bc260e-17fa-4bbb-b240-4780dcc0e928,7f76866c-7749-4cf2-ad17-b2c1cb688a9f,2024-09-30 11:36:14,-7.83,83.28,17.75,Foggy,Sunny
bd0d79dc-fb89-429b-ac1d-bc30b5971596,351b02b5-c84b-4ebc-91a2-37be6e24855c,2024-09-30 11:36:14,33.25,101.1,95.87,Clear,Snow
e46642ad-a110-4d40-82d2-630984f746f4,ab019e17-0fcc-47f9-9744-63e509452b6a,2024-09-30 11:36:14,0.21,6.8,42.66,Clear,Stormy
6b4a6f63-2169-446e-ad0c-342f61a79741,1fc91147-f245-47fe-836c-fcc4cdbed8a8,2024-09-30 11:36:14,-2.52,136.54,65.42,Clear,Rain
b3e6b220-6ea7-4ada-957b-e5dead397729,7d8ae65f-4f08-4d3f-a3e1-e1590ea3df18,2024-09-30 11:36:14,14.93,105.67,79.1,Clear,Stormy
de763c3c-b55e-45d3-bfac-47a8cd0186e2,9f46a5fd-f2ac-4956-84b8-cae8d29729c7,2024-09-30 11:36:14,32.42,74.86,33.01,Cloudy,Stormy
49ea8f4e-f3c5-465a-af19-741ad8e245f8,029a6315-ff1c-4439-8ea7-d55ec2e0dc71,2024-10-01 11:36:14,-3.94,124.09,36.53,Cloudy,Stormy
7f1a02e1-62e8-478f-a780-a4385a97c8c1,738248a1-a1ab-41ce-b0c0-c7fe17e9583b,2024-10-01 11:36:14,-21.89,71.37,82.5,Cloudy,Rain
46849bde-8333-4e72-8420-035cefeb4454,282e1e56-63bc-41ab-996b-6f259064ecdc,2024-10-01 11:36:14,-19.72,25.2,31.96,Cloudy,Rain
4c2d49e2-23d9-4768-a145-798c82c849a1,be1bf63b-1384-40ff-aba6-a467287775b4,2024-10-01 11:36:14,-21.49,96.71,60.85,Cloudy,Snow
6a1f7730-9812-4eaa-a292-6b3481f3426d,9530f75b-a637-433f-922c-cf6cc3bf53c6,2024-10-01 11:36:14,0.54,17.92,18.83,Cloudy,Rain
da5ac37a-6e74-4789-81d5-4f77c1807d14,e6e16756-4a55-48c7-81bc-419d495e9a40,2024-10-01 11:36:14,12.04,126.34,81.16,Foggy,Stormy
f319c60e-665e-435c-bb9f-2908b6dff676,ae83daec-b38e-453f-a876-32be4933112f,2024-10-01 11:36:14,-14.46,0.15,84.2,Cloudy,Rain
4dabbe52-83fa-4473-8006-87657e388fdc,223ee79f-d4a6-4cf3-8a59-ca57b1baeb58,2024-10-01 11:36:14,18.33,55.84,53.73,Clear,Rain
93c29860-8b79-4e5c-929c-480126dd22c0,1cc2fad1-c17d-473f-a578-3ee48b25191d,2024-10-02 11:36:14,10.76,46.42,68.98,Cloudy,Snow
7b5a8d19-aafc-4387-b09f-1fe72bbe2ba5,972e6243-78a5-44e1-b2d1-f9e175db6716,2024-10-02 11:36:14,-1.87,4.07,5.79,Foggy,Stormy
fb09e8b1-961d-4c61-b156-86d1cf22a83c,54359a36-1edb-43d9-8e48-cde3065d75bc,2024-10-02 11:36:14,-9.63,115.39,81.21,Clear,Rain
66c43e6c-c84b-4ba3-8489-4d50016ba1f9,9d584d7d-f0d2-41fa-ab56-573a32e06d9e,2024-10-02 11:36:14,-19.23,122.51,85.04,Cloudy,Snow
3b92acb7-54ea-4448-ac24-c7b21d5856ce,17a7566a-34a3-4ec5-a7ca-ba1b3789a709,2024-10-02 11:36:14,-25.47,3.37,21.0,Clear,Snow
7fbbc9b1-d801-4ff2-9841-bb4fb2d5f575,324d89f6-0cd8-4104-a451-bcb7aedf9d6b,2024-10-02 11:36:14,-23.27,113.26,17.2,Cloudy,Stormy
efdaccdd-5653-47ea-aa48-3f1c1aed31e5,5effa1cf-2731-48ee-9439-56e39ec1edb1,2024-10-02 11:36:14,11.02,100.48,86.43,Cloudy,Snow
f8ec1765-d135-4eb3-bb6d-5fde0b1330c5,c1b1415d-0bb2-4be5-916b-741b7cab0db7,2024-10-02 11:36:14,-13.49,43.65,60.39,Clear,Snow
59d0e87f-9935-42df-b24f-cce036f343e3,c35e31cf-be72-489b-a501-7baf00964ea3,2024-10-03 11:36:14,7.79,131.0,85.08,Cloudy,Snow
8c4fa447-391d-4ccb-8c24-d1eef00da02c,229123ea-0f46-446c-a331-6c8ad0b8b6c3,2024-10-03 11:36:14,28.07,67.8,94.4,Clear,Sunny
9d1cc353-9328-4fb3-b9be-84af59b33f0a,4a52723d-a3c8-40a8-9129-0e42a4758c6b,2024-10-03 11:36:14,-25.88,39.26,75.8,Foggy,Sunny
0b678f56-bbdb-441e-bcb1-d58ab214b8c0,7b7b41c2-9953-42b3-ad96-d9229b602ea6,2024-10-03 11:36:14,-3.08,24.76,4.46,Clear,Rain
f7808fac-775e-4160-a738-ae12ae4a1530,be7927f5-4ee1-4951-b5f6-11bade76bee4,2024-10-03 11:36:14,-14.58,108.24,72.87,Foggy,Stormy
894b8085-5c4c-4864-9474-d1c15f0b404f,8fe8eed5-19d2-4e13-977e-660c44faea12,2024-10-03 11:36:14,22.08,141.62,73.11,Clear,Sunny
8096c54f-4e7a-47cb-b30c-245bb932f3fb,6d5d7b29-1821-499d-bd62-b50be4351d10,2024-10-03 11:36:14,-1.64,40.68,64.15,Clear,Rain
f9b64bf9-3908-4c20-98c4-d3269ba5dc28,205949e2-8db3-4398-beeb-59e10bbac12f,2024-10-03 11:36:14,5.31,84.33,58.71,Cloudy,Stormy
1a3c70ec-56f2-4ed6-9961-5cc6d8a73df0,c6bc9e1a-3bd7-4744-8b1a-981040f49739,2024-10-03 11:36:14,29.95,98.56,58.51,Clear,Sunny
75bc6cde-1271-4cf3-af3c-0a7a65aaf454,29650635-51c6-4b30-9d9e-72ba24b1f95b,2024-10-03 11:36:14,1.3,92.45,0.7,Foggy,Rain
f4006b6c-2d99-4ffa-8be8-95a50481212b,41374fb7-fa17-45b1-8f73-90dd430a9725,2024-10-03 11:36:14,38.59,43.93,18.52,Foggy,Snow
cb4cc89f-6c3a-4719-82c4-deb0f223ec97,0431f08a-5328-4e1e-a20b-19e099f1566f,2024-10-04 11:36:14,-19.81,70.56,56.79,Clear,Stormy
aa448b37-669c-42e2-9cdf-cdf2dceb48f6,e38ac6a6-4522-4f8e-a9e1-51f42ab10d7b,2024-10-04 11:36:14,15.6,76.98,68.87,Cloudy,Rain
9a2b17f8-e868-4434-b8c7-214bf0cc19de,23f159ce-71d9-4e18-8ce6-d59a592a5646,2024-10-04 11:36:14,8.68,33.17,53.89,Clear,Rain
03f552e8-d7fb-4d81-ba22-fb1340bf37f7,46f6da0e-4a68-426b-b0a1-66118dd4d897,2024-10-04 11:36:14,-11.14,2.77,74.89,Cloudy,Rain
5ee1c128-18d0-49b8-b1b0-aec7f06e6784,3cbff6b0-7a08-425a-82e2-ee73112ffde0,2024-10-04 11:36:14,10.63,62.91,88.7,Cloudy,Snow
1bef5103-b8b6-43e4-b9da-f4be681b937c,931ed025-fce9-489d-af50-9ce3a79b10de,2024-10-04 11:36:14,36.76,138.95,2.84,Foggy,Sunny
6608d8a4-91da-41b5-8d90-97522d4e8776,2d3df2c7-3591-4659-aac3-11f7eb25bb37,2024-10-04 11:36:14,35.34,125.06,93.37,Clear,Stormy
25deb6d2-f398-454e-8bca-db7a5bcdccef,c3581501-26b2-4716-8375-2d81da0a3aca,2024-10-04 11:36:14,32.06,33.99,66.69,Cloudy,Snow
4d1b4894-3c13-4155-8a8d-88b59f45a99f,c44e9cd1-42b0-41a6-83d2-0a781a0f77af,2024-10-04 11:36:14,-1.61,139.8,92.82,Clear,Stormy
d016c170-c11e-499d-8e79-8e709ff79444,3b5449a9-9b5e-4610-a0b8-5485b2d18435,2024-10-04 11:36:14,3.9,147.52,61.8,Clear,Stormy
24ce3eaf-057d-4b3e-ac56-d9095dba9b14,fac8b75c-7eae-4c90-95c4-7ff32612ffe5,2024-10-04 11:36:14,39.97,124.63,10.36,Clear,Stormy
48fa8bd1-95ee-4dae-9c6c-fb1f4b5f495c,fec5eabf-a062-42da-b768-044be7313b46,2024-10-04 11:36:14,21.62,86.93,60.0,Cloudy,Stormy
4056ef02-bb90-402d-8fb0-6474a0c02302,fa41130d-c920-4e8e-ba0b-fd776940b5fd,2024-10-05 11:36:14,11.95,71.16,2.62,Foggy,Snow
954cd1a7-6cf4-4480-bd4c-3dc0338ea98e,a8961794-8d36-420a-9259-7519acc1dc68,2024-10-05 11:36:14,-0.01,136.84,43.94,Foggy,Sunny
110c8c15-bea5-42f8-8b10-b9bf4e35ee3a,da98b761-ae11-495f-8977-2ef404ff317f,2024-10-05 11:36:14,-20.48,72.81,37.04,Cloudy,Snow
805889e3-cdb8-4796-a0f7-4ded08c6f978,927efd3d-a94f-4801-a0d2-1866fe8ba124,2024-10-05 11:36:14,30.39,108.83,38.59,Cloudy,Stormy
64ad8b2c-592c-4b70-a22a-d96a783103ac,f77aa987-a054-438e-b7fd-915cfe146c95,2024-10-05 11:36:14,11.38,6.49,97.28,Clear,Sunny
62bc6f6c-19a8-4318-9449-66e16edb5c62,80fc28c1-a86e-4d25-bb34-4dca01d50064,2024-10-05 11:36:14,7.4,70.42,54.04,Foggy,Snow
2a4f2375-37c9-444e-93e0-3c4b441629a3,e7d166d6-dfb7-4557-8d52-537e0ef17c4c,2024-10-05 11:36:14,-3.31,24.52,72.09,Foggy,Stormy
9fb9c434-3fe2-4450-a173-a173d52d1bf5,61fbf0b6-9bd8-4695-8ca2-1a7f4d7a1acf,2024-10-05 11:36:14,-3.59,126.98,0.62,Cloudy,Snow
344183ed-9aac-47a2-9c13-26aa11fae13f,f8c23244-02a5-4a35-8515-45e2baeec324,2024-10-05 11:36:14,-22.75,74.31,21.86,Foggy,Snow
196148f6-efde-4179-9bee-2ce16ba37c98,f9b2163f-5d14-4a28-a6b0-333b3b20f730,2024-10-05 11:36:14,26.52,42.1,26.85,Clear,Sunny
7c713a8c-2c61-4046-a411-6cc57bd16dfa,e9ef7d05-2d7c-4bd0-9f3d-92177b133b2c,2024-10-06 11:36:14,-21.63,26.78,68.37,Clear,Stormy
c2414840-634e-4bd9-a481-9efe62ac4c59,aab86e95-89eb-40f7-b3c5-76ecf9ca0f5e,2024-10-07 11:36:14,-26.56,97.37,90.09,Foggy,Stormy
1f1481da-192e-4b8c-9af6-aea7533cca7d,bbbc169d-4f0e-41c9-97e1-da48a479075e,2024-10-07 11:36:14,-5.5,3.0,89.41,Cloudy,Rain
0c736fa9-949c-4764-93a3-2477366fc9fe,c00c1a11-420e-4be8-9955-55bbb10c1aff,2024-10-07 11:36:14,39.98,62.06,68.98,Clear,Rain
d0c5795e-3b13-4a1f-9f7c-374372491d51,24142c8b-9fa8-442b-8072-5d797d133fd8,2024-10-07 11:36:14,7.17,141.27,65.52,Cloudy,Stormy
8f5c18a9-73d9-4a38-8b32-f28566532fb4,ad141758-7fc4-4501-a71e-eab4ffa1f62d,2024-10-07 11:36:14,15.88,52.98,72.52,Foggy,Stormy
d07644bd-6b4c-4c0d-b2fd-d5bcb24790af,f537c7e6-45e1-47f6-9ec0-03c356c9ca2e,2024-10-07 11:36:14,32.74,93.95,58.59,Foggy,Rain
a5dedccc-85dc-438e-bf98-5ec066c863ca,db0ccd3f-6bdf-4889-a257-38cb8a11e49a,2024-10-07 11:36:14,37.42,108.6,10.52,Foggy,Rain
0306be7c-0c43-4784-b3a4-f22f451ca42c,66a8ec55-d93d-4d87-9e33-2a5d95c74b12,2024-10-07 11:36:14,20.06,34.37,23.22,Foggy,Rain
285dd258-8e2f-4710-90a7-36dde4318d6b,7189017b-6bcf-4d3c-90ae-5ebddbaae1a5,2024-10-08 11:36:14,32.69,141.79,5.21,Foggy,Snow
1545c124-c844-493d-8404-35e39c028c29,a61e6944-36b4-4489-b081-5ff5d234fc4d,2024-10-08 11:36:14,32.39,40.59,28.83,Cloudy,Stormy
50ea98ac-fc2d-4e87-a785-b8d6e58a0529,a08269e2-a899-4ac2-a232-51d7822c1a21,2024-10-08 11:36:14,31.34,53.8,36.96,Foggy,Sunny
2d246e38-080a-4a52-8999-2ad700dee06d,76e13faa-1f4a-4d9e-8175-3d2a5a43584c,2024-10-08 11:36:14,38.36,41.3,92.35,Foggy,Rain
83b9c226-a26f-41a5-8ba0-76801c7d19c2,337c8d4c-3693-4bc4-ae5e-8f59b1cdedc6,2024-10-08 11:36:14,-2.5,147.24,90.46,Foggy,Sunny
58a668b6-a2a3-43a3-8726-92831475e012,e8ed0c01-e523-42cc-84a8-0f32393d5f64,2024-10-08 11:36:14,-12.41,58.9,47.28,Foggy,Rain
0b1b83a5-abd4-4165-8a75-ce53a3f08982,c07f4beb-8a88-4327-9a22-9535086bc486,2024-10-08 11:36:14,35.88,55.83,85.13,Foggy,Snow
13107969-1b21-49c7-b8e0-de38cd8e93b8,533fc961-83c9-4f2b-bb94-e82b2d2eb26e,2024-10-08 11:36:14,38.11,108.68,61.34,Foggy,Stormy
cc501d21-05c9-4c23-95f0-ff5cf04fe421,23260c3d-14c5-4489-9b6f-10ce8e64e5d7,2024-10-08 11:36:14,37.23,149.74,76.82,Foggy,Snow
9d7dc068-e41e-4fb7-9fb7-640271844a3b,046d087e-15ca-451d-98a7-39a402cd3e63,2024-10-08 11:36:14,34.14,56.91,97.45,Foggy,Stormy
57e75020-827e-48cb-bd3d-525e2336d979,9d73fc57-1d2f-49c6-a6a8-8e807b2dbedc,2024-10-08 11:36:14,-7.6,5.0,47.71,Clear,Rain
062dac03-362e-4a05-af5e-ce9e37445c35,38b61824-4767-45d2-8719-520c70672793,2024-10-08 11:36:14,-8.66,143.95,40.44,Cloudy,Stormy
5d1777ee-8e03-49c8-ac07-6f604b5f92cb,06d0c76a-a848-4759-a741-628d8aa631e9,2024-10-08 11:36:14,-20.81,18.15,49.11,Clear,Stormy
633cc038-abc8-4800-9c0e-af753ba2798e,084df938-3719-43bb-9abf-7a61aa8a8097,2024-10-08 11:36:14,34.57,101.24,84.44,Cloudy,Stormy
4db608f7-7d68-4a97-8118-dcb4c75baad9,01e87a0e-5ffe-4fb2-a9e3-8cc53ba799f8,2024-10-08 11:36:14,5.53,116.16,14.45,Foggy,Stormy
b370f2c3-c42d-42e1-86bf-de27a5629fc0,65d10328-4d51-42b7-ba0b-da5610b5c9f8,2024-10-08 11:36:14,-21.5,85.17,28.92,Foggy,Stormy
caff674d-a8ff-4dfb-bbc2-9fbd6e4725d5,9f0ac5cb-a34a-41e0-a1bb-e1de181439a4,2024-10-08 11:36:14,-9.07,124.81,93.93,Foggy,Snow
21be00c3-74ee-44b3-b8be-80e4e57e4c7d,b8e88b4c-ec7c-4c3a-bd0e-839a166ffc3d,2024-10-08 11:36:14,-2.36,147.22,29.63,Foggy,Sunny
