expedition_id,route_id,expedition_start_date,max_climbers,current_climbers,guide_id,expedition_status,expedition_end_date
62b89b75-b311-4ece-acf3-c3edb1e5482c,SA-ROC,2024-09-08 11:36:14,50,18,45,Completed,2024-12-03 11:36:14
2202b1b5-705b-41fd-8ffb-1a6ffd6b72bc,TOTB-ROC,2024-09-08 11:36:14,38,7,2,Upcoming,2024-10-20 11:36:14
67b9537c-68c1-4395-9d3c-29f855a69458,OHT-ROC,2024-09-08 11:36:14,27,11,49,Cancelled,2024-10-03 11:36:14
586f9e72-1fde-4160-9e85-e24a8a47d426,TOTB-ROC,2024-09-09 11:36:14,44,14,20,Completed,2024-10-30 11:36:14
ab2eed68-fa59-466a-9fdf-2fa3582f6c60,OAA-CAS,2024-09-09 11:36:14,21,10,6,Upcoming,2024-10-08 11:36:14
dcc0d73e-2e3d-483b-acc4-561197284d6c,SOS-HIM,2024-09-09 11:36:14,41,0,11,Ongoing,2024-10-13 11:36:14
e2300f24-a25d-4e8d-9c82-d83e2095de9a,OVA-CAS,2024-09-09 11:36:14,27,9,36,Completed,2025-01-17 11:36:14
58654774-a589-4677-a4af-a39d4bb8c024,EP-HIM,2024-09-09 11:36:14,49,48,43,Cancelled,2024-12-22 11:36:14
1a03bc66-1fa2-449e-a9b1-1be2547154c3,EP-ALP,2024-09-09 11:36:14,40,29,47,Upcoming,2024-12-30 11:36:14
03c6bf7d-fda0-4807-8284-6075582ce454,OR-ROC,2024-09-09 11:36:14,41,2,50,Cancelled,2024-10-31 11:36:14
90710ad9-1f33-4394-8755-b21046e0b61b,EP-ALP,2024-09-09 11:36:14,37,18,22,Upcoming,2024-10-11 11:36:14
e10d9236-8e1d-41c4-9e63-a8e0241f3aaf,OHT-ROC,2024-09-09 11:36:14,48,5,7,Completed,2024-12-12 11:36:14
d8b5fe0e-d573-4608-9de3-df1b0ae5275e,PP-APP,2024-09-09 11:36:14,21,2,17,Cancelled,2024-10-28 11:36:14
508156d0-7640-407d-9771-3c084e90f7a7,PP-APP,2024-09-09 11:36:14,37,21,11,Upcoming,2024-09-30 11:36:14
ac60ece0-aac8-4730-95eb-83e7ae2be559,SOL-AND,2024-09-10 11:36:14,36,36,35,Upcoming,2024-11-20 11:36:14
fa95737b-d5a0-4eb7-a916-f3bc28728cf7,EP-ALP,2024-09-10 11:36:14,50,24,48,Cancelled,2024-09-16 11:36:14
7ee61634-b368-4555-ab51-5d4fa7468430,FPO-HIM,2024-09-10 11:36:14,42,12,33,Cancelled,2024-09-26 11:36:14
5a189e93-22a5-4c13-97aa-de6893b6ea6d,TOTB-ROC,2024-09-10 11:36:14,35,0,23,Ongoing,2024-11-17 11:36:14
84b8823c-4831-4861-8750-7df13a8b56f4,OAA-CAS,2024-09-10 11:36:14,32,17,14,Ongoing,2024-09-17 11:36:14
80de1d15-2075-4015-a8b7-0b06b2f66bad,SOL-AND,2024-09-10 11:36:14,47,33,16,Ongoing,2025-01-07 11:36:14
7868f940-a137-4548-aeea-a357f5455a97,SOL-AND,2024-09-10 11:36:14,32,5,16,Completed,2024-11-09 11:36:14
693314f0-b32f-4796-b3c1-5ce653aa67cf,SOS-ALP,2024-09-10 11:36:14,42,23,13,Ongoing,2024-11-30 11:36:14
fa3d8660-d2cc-4b91-adb6-48012ec9422d,EP-HIM,2024-09-10 11:36:14,41,35,43,Ongoing,2025-03-10 11:36:14
b2675d24-4393-42d2-8bab-6afcd1112a59,EP-ALP,2024-09-10 11:36:14,35,16,34,Ongoing,2025-01-31 11:36:14
a946e011-7949-4a46-9139-14c43e02fa3b,FPO-HIM,2024-09-11 11:36:14,44,24,36,Completed,2024-10-06 11:36:14
6a2caf2c-1133-4ffd-b503-5151952319ab,OVA-CAS,2024-09-11 11:36:14,42,2,32,Cancelled,2024-09-13 11:36:14
f4108d88-62e2-4f57-9841-9e2e2ae9c355,PP-APP,2024-09-11 11:36:14,29,28,8,Upcoming,2024-09-14 11:36:14
e15276fc-17ab-4225-921f-620cd7f43be0,GPT-ALP,2024-09-11 11:36:14,37,19,37,Completed,2024-09-15 11:36:14
5f16e1df-4321-463e-81ab-8a10bb4277e6,OHT-ROC,2024-09-11 11:36:14,47,15,28,Cancelled,2024-09-15 11:36:14
11d905f5-4b14-40c1-87a7-b26f5e87c28a,SOS-ALP,2024-09-11 11:36:14,37,11,16,Cancelled,2024-10-25 11:36:14
b6bcd8c6-6aa6-416f-b09c-890fe0784f64,OAA-CAS,2024-09-11 11:36:14,33,1,13,Completed,2024-10-10 11:36:14
973ad0d1-3e7a-47b9-9a3e-7b59084409b1,FPO-HIM,2024-09-11 11:36:14,49,14,11,Completed,2024-12-09 11:36:14
021e04e8-7085-4851-964f-a12432aa459d,TOTB-ROC,2024-09-11 11:36:14,35,6,47,Completed,2024-09-25 11:36:14
ab9711f5-cfa9-47db-b373-c9cd3c5f4816,AG-AND,2024-09-11 11:36:14,40,8,42,Ongoing,2024-12-18 11:36:14
69145f37-fc27-4765-a605-d6560c93dedd,OVA-CAS,2024-09-11 11:36:14,32,32,15,Completed,2024-09-18 11:36:14
dd6e9042-f650-4d50-b058-e45ea8998028,AG-AND,2024-09-11 11:36:14,34,10,1,Completed,2024-10-07 11:36:14
cef07acf-51e5-4133-b8f2-2e6279ef875a,SA-ROC,2024-09-11 11:36:14,21,0,29,Ongoing,2024-10-27 11:36:14
f50792da-628d-4074-a2c8-da2c11140f9b,SOS-ALP,2024-09-11 11:36:14,34,14,4,Completed,2024-11-09 11:36:14
1a518a3b-4079-4b7b-850b-64ff39a47ba9,SOS-ALP,2024-09-11 11:36:14,25,19,24,Cancelled,2024-11-06 11:36:14
2793903b-4eef-4fd4-a564-dfe3c21f931d,OAA-CAS,2024-09-11 11:36:14,44,5,18,Upcoming,2024-09-29 11:36:14
f714400d-5db3-493a-84fa-e812ddce3a2c,AG-AND,2024-09-11 11:36:14,50,46,34,Cancelled,2025-01-07 11:36:14
ff20056c-43c1-4d8f-a7c8-f6d3951be865,EP-HIM,2024-09-11 11:36:14,40,40,18,Ongoing,2024-10-06 11:36:14
7798add2-9153-4939-850e-31cd86b4ad1a,SOS-ALP,2024-09-11 11:36:14,30,28,21,Cancelled,2025-01-28 11:36:14
1cb2bc51-83a6-4560-89c3-bfee6eb5cd93,TOTB-ROC,2024-09-12 11:36:14,36,24,50,Completed,2024-10-13 11:36:14
4cbf4352-ad9b-44e9-8274-a46e918c204d,EP-ALP,2024-09-12 11:36:14,29,27,5,Ongoing,2024-12-01 11:36:14
699c538a-b0f3-4475-9fc5-cc205d93ac69,SOS-HIM,2024-09-13 11:36:14,30,0,35,Completed,2024-10-25 11:36:14
3d7b5bf1-45ec-4583-ad14-2cdf344fc5fe,OVA-CAS,2024-09-13 11:36:14,32,7,49,Cancelled,2025-03-09 11:36:14
1dd523e1-3d41-4f45-9c65-17431949f6af,SA-ROC,2024-09-13 11:36:14,20,19,1,Cancelled,2024-12-03 11:36:14
272ef82e-f119-4d8f-846c-854930263fa9,EP-HIM,2024-09-13 11:36:14,45,17,15,Ongoing,2024-09-24 11:36:14
a64fa9f0-ef47-4b40-a233-8f7a0a3884c4,OHT-ROC,2024-09-13 11:36:14,34,21,46,Upcoming,2024-12-22 11:36:14
51a65b94-6cf8-4e41-871a-8e068b789a88,OAA-CAS,2024-09-13 11:36:14,39,33,49,Ongoing,2024-10-16 11:36:14
5305e28a-3a13-41b3-aaae-cd236925798d,OHT-ROC,2024-09-13 11:36:14,48,31,36,Upcoming,2024-10-08 11:36:14
81468dd9-f978-4aad-bc0c-b2b57fb87a25,EP-ALP,2024-09-13 11:36:14,41,17,2,Upcoming,2024-09-14 11:36:14
ea4808bd-5b18-424b-8ce7-6f3ea54f280f,SOS-ALP,2024-09-13 11:36:14,45,0,50,Completed,2024-11-25 11:36:14
2be8cd62-f3df-4631-b855-a028b15d82da,PP-APP,2024-09-13 11:36:14,42,37,22,Upcoming,2024-09-26 11:36:14
7a2a90ef-1b10-4437-9158-14a291f002f7,EP-ALP,2024-09-13 11:36:14,44,1,8,Upcoming,2024-10-28 11:36:14
bbe748c3-2f13-48e0-86e0-6bcf1d767028,EP-ALP,2024-09-13 11:36:14,22,1,18,Cancelled,2025-01-16 11:36:14
53621b63-db36-4566-ad00-9711764099a3,TOTB-ROC,2024-09-14 11:36:14,20,17,38,Cancelled,2024-11-16 11:36:14
7d88ed93-73c0-4d90-8933-5f63d592f75d,SOS-HIM,2024-09-14 11:36:14,34,9,42,Upcoming,2024-11-16 11:36:14
9fef9828-cc43-4632-8820-6a3bc3e812a4,SA-ROC,2024-09-14 11:36:14,22,6,15,Ongoing,2024-12-21 11:36:14
2ee0f935-65bb-4bb4-8557-79ef8959c56b,SOL-AND,2024-09-14 11:36:14,22,6,50,Ongoing,2024-09-22 11:36:14
6db66625-6e21-4354-819b-2fed3615bc21,SA-ROC,2024-09-14 11:36:14,35,8,7,Upcoming,2024-12-03 11:36:14
179429f8-9498-49e8-bf89-d56a4e81f83c,OAA-CAS,2024-09-15 11:36:14,26,18,2,Ongoing,2024-10-23 11:36:14
4c77416d-e45b-404f-97e2-d86a27d0eef1,FPO-HIM,2024-09-15 11:36:14,35,13,34,Completed,2024-10-26 11:36:14
4b7269c3-886f-438a-86cd-ed3dbf29c88d,SA-ROC,2024-09-15 11:36:14,31,2,24,Ongoing,2024-12-18 11:36:14
a4301e75-04f2-4f13-ac8c-7f3291bf2080,SOL-AND,2024-09-15 11:36:14,41,31,3,Cancelled,2024-10-29 11:36:14
38ac6458-6d5a-4239-a6d4-11ec0d9a06f4,SOS-HIM,2024-09-15 11:36:14,30,25,8,Cancelled,2024-09-17 11:36:14
a7d05879-e68f-4589-b457-3a73473081c4,TOTB-ROC,2024-09-15 11:36:14,50,43,8,Upcoming,2024-11-06 11:36:14
da37da5b-c429-4aaa-a0a2-46b76e87267e,PP-APP,2024-09-15 11:36:14,27,20,38,Completed,2024-10-09 11:36:14
2f6d946c-d024-4a72-b288-d3540aedd182,PP-APP,2024-09-15 11:36:14,40,6,33,Completed,2024-10-24 11:36:14
0490eadb-45ac-4c1e-88f0-c71100bb2e70,SOS-ALP,2024-09-15 11:36:14,49,34,38,Upcoming,2025-01-26 11:36:14
63348948-2370-46d6-a4f4-5616cdfb28f8,SOS-ALP,2024-09-15 11:36:14,45,6,31,Cancelled,2024-12-24 11:36:14
22a77580-d11f-4883-a290-508a8ccdf136,FPO-HIM,2024-09-15 11:36:14,20,15,23,Upcoming,2024-10-15 11:36:14
5bf92c4d-b0e4-44ba-a6d9-d1df629ccf9e,OAA-CAS,2024-09-15 11:36:14,40,29,21,Upcoming,2024-10-03 11:36:14
3b730333-b761-4b14-b098-523f4f264076,OAA-CAS,2024-09-15 11:36:14,33,8,43,Upcoming,2024-10-18 11:36:14
8a6d5a1e-92fe-4ab8-8a5c-b59966464f60,AG-AND,2024-09-15 11:36:14,32,3,3,Ongoing,2025-01-29 11:36:14
10f52302-2240-4734-bfc8-de2a0e143cf1,FPO-HIM,2024-09-15 11:36:14,23,23,24,Ongoing,2025-02-26 11:36:14
c7154243-3628-44b2-b6ba-fd4715132dba,AG-AND,2024-09-15 11:36:14,28,13,23,Upcoming,2024-10-03 11:36:14
f741c046-a440-4193-a56a-6677e5f80ce0,EP-HIM,2024-09-15 11:36:14,43,30,38,Cancelled,2025-02-22 11:36:14
2dcb6711-b130-4b6a-bf7c-3ac29e86d496,OVA-CAS,2024-09-15 11:36:14,39,33,24,Cancelled,2025-03-21 11:36:14
5706a358-3476-47be-90df-f2fa7230306c,SOL-AND,2024-09-16 11:36:14,28,2,30,Ongoing,2024-11-03 11:36:14
e17d640c-7fad-4c22-a286-50b2a9251c81,OR-ROC,2024-09-16 11:36:14,22,20,39,Upcoming,2025-02-12 11:36:14
2fdad6bb-3e63-449d-9259-e5374d89afe7,OR-ROC,2024-09-17 11:36:14,30,18,21,Upcoming,2025-01-31 11:36:14
854d8c5e-c1d7-4618-aee5-00ac7d7107fb,GPT-ALP,2024-09-17 11:36:14,21,1,9,Upcoming,2024-12-14 11:36:14
8240084c-8bed-4883-acb4-c7e16bf2d9b7,OHT-ROC,2024-09-17 11:36:14,45,7,38,Ongoing,2024-12-21 11:36:14
2157b59b-5ded-4051-87d4-500b04eae844,EP-HIM,2024-09-17 11:36:14,33,27,9,Ongoing,2025-02-28 11:36:14
795f252d-db1e-4c7e-bf9a-a834d97c2125,TOTB-ROC,2024-09-17 11:36:14,38,22,23,Cancelled,2024-12-18 11:36:14
5b6b4331-5571-480c-86dd-8468da5449c6,FPO-HIM,2024-09-17 11:36:14,28,14,3,Completed,2024-11-26 11:36:14
cb83fc9d-aa13-46f9-9d37-81ffe59c42ab,FPO-HIM,2024-09-17 11:36:14,38,36,46,Ongoing,2025-02-26 11:36:14
63f6d5db-2949-42d0-94c9-5e7c7e4e776b,GPT-ALP,2024-09-17 11:36:14,44,2,38,Upcoming,2025-03-01 11:36:14
056f6d32-4393-4212-90ce-68175d69fccc,SOS-HIM,2024-09-17 11:36:14,32,13,15,Completed,2024-12-08 11:36:14
3ac48730-bc94-4f24-bcd6-1cba3a9c0ce1,TOTB-ROC,2024-09-17 11:36:14,23,23,50,Completed,2024-09-29 11:36:14
694e0fe4-85e5-4fb8-81f8-0ee74b79ecba,OHT-ROC,2024-09-17 11:36:14,50,3,26,Completed,2024-10-08 11:36:14
cd6cb393-fa5c-4213-8cac-abb8eb28e99c,SOL-AND,2024-09-17 11:36:14,37,11,22,Ongoing,2024-11-20 11:36:14
c92279bb-6b9b-4b57-9878-9e7d9baa67d9,FPO-HIM,2024-09-17 11:36:14,28,3,47,Cancelled,2024-10-31 11:36:14
0edd1c1b-c7a8-45bd-8559-309b140d487d,TOTB-ROC,2024-09-17 11:36:14,44,19,17,Upcoming,2024-11-20 11:36:14
326388f4-5b47-491b-a548-d6b0602634c1,GPT-ALP,2024-09-17 11:36:14,21,10,31,Upcoming,2024-09-28 11:36:14
72f9e5c3-92ff-483d-97ac-fb4dd72c410c,EP-HIM,2024-09-18 11:36:14,24,14,18,Upcoming,2024-09-21 11:36:14
329f5551-a95c-44f6-81f7-e1f50634e113,OAA-CAS,2024-09-18 11:36:14,50,41,22,Ongoing,2024-10-05 11:36:14
96907f35-3c62-410c-a5ce-a6b0b657b11d,SOL-AND,2024-09-18 11:36:14,32,16,37,Cancelled,2024-12-18 11:36:14
9d208b53-6076-47b9-98cf-1f983aa11156,SOS-ALP,2024-09-18 11:36:14,20,12,20,Completed,2024-12-14 11:36:14
b0670bf0-916a-4f4f-8775-e4c3c3101427,OVA-CAS,2024-09-18 11:36:14,38,35,40,Completed,2024-12-28 11:36:14
c6c873a9-7e60-4531-a3b4-a12163f0dc5e,SOS-ALP,2024-09-18 11:36:14,32,11,46,Completed,2025-01-18 11:36:14
11e44e43-f60c-4af1-ad90-cc1e548f8271,EP-ALP,2024-09-18 11:36:14,26,15,34,Completed,2024-09-23 11:36:14
8a58a0df-64d9-474b-9d98-fad4f49b13ff,TOTB-ROC,2024-09-18 11:36:14,36,2,18,Cancelled,2024-11-16 11:36:14
4549d5ce-095e-4f8f-bbd7-6a6b7b8e180c,EP-HIM,2024-09-19 11:36:14,35,22,32,Cancelled,2025-03-26 11:36:14
cceb80a5-0e3a-4491-b1f6-0aafefb123b7,PP-APP,2024-09-19 11:36:14,25,17,13,Upcoming,2024-10-16 11:36:14
9b132a3e-dbbc-4c31-88c9-1f296006af54,GPT-ALP,2024-09-19 11:36:14,47,17,22,Cancelled,2025-01-12 11:36:14
f2c2eb2e-7c0e-4bb1-bf9f-bfb055d8025f,SOS-HIM,2024-09-19 11:36:14,43,36,40,Completed,2024-12-21 11:36:14
b3b12105-1c36-4610-a934-682c213eb905,EP-HIM,2024-09-19 11:36:14,50,37,3,Completed,2025-03-24 11:36:14
8c310723-5943-4bd9-bfd6-7b6bcf8a96b4,GPT-ALP,2024-09-19 11:36:14,22,2,41,Upcoming,2025-03-24 11:36:14
24442b9b-9a3d-4eca-87fd-02eb2f0eb9fa,OVA-CAS,2024-09-20 11:36:14,33,15,38,Ongoing,2024-10-28 11:36:14
55fe640d-ae71-4603-a87c-62ceb1072da7,SA-ROC,2024-09-20 11:36:14,22,10,12,Cancelled,2024-09-23 11:36:14
40f736a0-5bbb-4d33-83f6-060dd4c44001,SOS-ALP,2024-09-20 11:36:14,44,14,8,Completed,2024-12-31 11:36:14
58b69a6e-f9ee-45d8-851d-15ee52976b08,EP-HIM,2024-09-20 11:36:14,48,45,5,Completed,2024-12-19 11:36:14
3698de8b-e9da-4ee5-a2f3-0929b7876730,SA-ROC,2024-09-20 11:36:14,47,46,40,Cancelled,2024-12-16 11:36:14
07bdbb22-a43d-46a9-b59c-cbcf2a5df03d,SA-ROC,2024-09-20 11:36:14,31,5,8,Upcoming,2024-10-27 11:36:14
b583e9c8-ee07-4fdc-a851-5b43d2349860,TOTB-ROC,2024-09-20 11:36:14,31,3,33,Ongoing,2024-10-29 11:36:14
48654220-15f2-4d85-a5a8-cfe7335a54a5,SOS-HIM,2024-09-20 11:36:14,38,37,21,Ongoing,2024-11-08 11:36:14
5cae0974-262b-4292-a1a3-a174a0dc79c6,PP-APP,2024-09-20 11:36:14,31,14,12,Upcoming,2024-10-16 11:36:14
9818431a-ea15-492a-bfe5-639c2ce7e188,EP-ALP,2024-09-20 11:36:14,22,4,34,Completed,2024-12-29 11:36:14
b7ae6e38-0c46-4164-a7a8-3511eb2aef39,AG-AND,2024-09-20 11:36:14,34,33,32,Completed,2024-10-17 11:36:14
6116b065-ffb3-4c31-ac9e-a2405a5aa118,EP-ALP,2024-09-20 11:36:14,26,14,3,Ongoing,2024-12-05 11:36:14
594651ed-9464-4c24-80c7-6e8117910a12,SOS-ALP,2024-09-20 11:36:14,38,9,37,Cancelled,2024-12-01 11:36:14
11dcbfa0-4e2d-49a7-8237-cb3f74ab7492,PP-APP,2024-09-20 11:36:14,24,9,1,Cancelled,2024-11-07 11:36:14
c214bb63-a5ab-4d3e-baf5-9e4afd4a32eb,AG-AND,2024-09-20 11:36:14,45,8,46,Ongoing,2024-12-12 11:36:14
664445d8-1c88-4f7c-bc57-55b0ea59be53,SA-ROC,2024-09-20 11:36:14,38,17,44,Completed,2024-10-30 11:36:14
83f9a1c9-3672-4d1f-908c-fffed39b3c40,EP-HIM,2024-09-20 11:36:14,27,16,5,Cancelled,2025-01-14 11:36:14
b89495e8-6060-4bc7-85cc-d1a04d377efb,FPO-HIM,2024-09-20 11:36:14,43,28,24,Completed,2024-11-18 11:36:14
63d9e6a6-0c5c-4879-9c67-e8211c451ffe,AG-AND,2024-09-20 11:36:14,25,13,8,Completed,2024-12-29 11:36:14
7bcf736a-d55d-4c7c-b527-e43aaa46439b,OHT-ROC,2024-09-21 11:36:14,27,27,9,Cancelled,2024-10-22 11:36:14
b3c40429-1a0c-449d-a69d-eb88b77b7ddc,OR-ROC,2024-09-21 11:36:14,42,17,20,Upcoming,2024-12-24 11:36:14
58bbb85a-929f-4d3c-b385-3649a9e64a1a,OAA-CAS,2024-09-21 11:36:14,21,18,43,Cancelled,2024-11-10 11:36:14
a95dce1d-0735-44b9-bc00-c7050e01173f,GPT-ALP,2024-09-21 11:36:14,20,10,33,Upcoming,2024-10-18 11:36:14
ffa64198-96a8-4c73-9ea3-1261eb5014b1,SOL-AND,2024-09-21 11:36:14,30,30,22,Cancelled,2025-01-19 11:36:14
662faf81-0975-4387-acc2-6ec20ee26e70,EP-HIM,2024-09-21 11:36:14,42,11,47,Completed,2025-02-28 11:36:14
9c1f2849-2e30-4627-8d40-d6243822cf96,OR-ROC,2024-09-21 11:36:14,42,39,15,Completed,2024-11-07 11:36:14
4a07065c-8d92-4864-afca-fc67cdfb6d9d,SOS-ALP,2024-09-21 11:36:14,45,29,8,Ongoing,2024-09-24 11:36:14
6ac4c0eb-1cc9-4382-92e3-2088c3e58d58,OAA-CAS,2024-09-21 11:36:14,34,29,29,Cancelled,2024-10-27 11:36:14
8aac1326-93bf-43bf-bcf0-8d0ee244c0aa,TOTB-ROC,2024-09-21 11:36:14,35,22,12,Completed,2024-11-30 11:36:14
7ced423c-3998-4b5b-b61c-e00b5f862a79,FPO-HIM,2024-09-22 11:36:14,49,27,31,Upcoming,2024-11-29 11:36:14
f6ffb36c-35f6-4357-981a-af73a380c55d,SOS-ALP,2024-09-22 11:36:14,30,24,42,Upcoming,2024-10-22 11:36:14
2f60a1e2-9823-4340-a4a8-07ad5986d532,OAA-CAS,2024-09-22 11:36:14,20,11,42,Cancelled,2024-10-27 11:36:14
f200c511-e008-4460-96c6-0694309f0f1f,OAA-CAS,2024-09-22 11:36:14,24,15,5,Completed,2024-11-11 11:36:14
bf6e8b3e-154b-4185-bbbf-38637aefab0a,OAA-CAS,2024-09-22 11:36:14,46,17,47,Cancelled,2024-10-19 11:36:14
e73b8ee7-e502-4647-bbb6-12408b9f2784,SOL-AND,2024-09-22 11:36:14,47,16,22,Cancelled,2024-12-07 11:36:14
b0f3def1-9106-426a-affe-cf792f38e2b8,SA-ROC,2024-09-22 11:36:14,29,12,47,Completed,2024-11-04 11:36:14
615dec3e-2287-4ccd-b71a-962b6a2f91d3,AG-AND,2024-09-22 11:36:14,22,8,5,Upcoming,2024-09-30 11:36:14
29df77df-45b9-42dd-ba5b-98cd83ccdf66,SOS-HIM,2024-09-22 11:36:14,25,2,24,Upcoming,2024-10-19 11:36:14
54f11c06-78d2-4620-9bbd-ea93578e6fd5,SA-ROC,2024-09-22 11:36:14,29,20,1,Ongoing,2024-11-06 11:36:14
4ef35e38-e4ba-41f3-9fc9-4061e46732bb,PP-APP,2024-09-22 11:36:14,41,24,29,Upcoming,2024-11-06 11:36:14
6912e734-d9ac-4bea-beaf-a4e5955ebe8c,EP-ALP,2024-09-22 11:36:14,43,40,41,Cancelled,2025-02-13 11:36:14
0c354303-b6fa-48a8-b8c9-bfa13c6786ff,FPO-HIM,2024-09-22 11:36:14,41,19,39,Upcoming,2024-11-26 11:36:14
af389ecb-cc0e-4738-8767-8a7a46ad9521,EP-ALP,2024-09-22 11:36:14,29,1,7,Completed,2024-09-24 11:36:14
a96a6b50-9199-4f91-a4d5-009ae7640b78,SOS-ALP,2024-09-22 11:36:14,34,21,38,Cancelled,2025-02-13 11:36:14
21c0a19e-53e5-4fca-8200-8e96834b34d2,SOS-HIM,2024-09-22 11:36:14,49,23,3,Ongoing,2024-12-04 11:36:14
a252204a-c6b9-4b35-a6be-2f90e31020ec,OAA-CAS,2024-09-22 11:36:14,34,32,21,Completed,2024-09-24 11:36:14
861706cf-f185-42cf-affb-daaff9906e96,OR-ROC,2024-09-23 11:36:14,37,13,11,Ongoing,2024-11-05 11:36:14
03fe114f-93f1-4983-927a-d76298dbcdea,SOL-AND,2024-09-23 11:36:14,30,14,11,Completed,2024-12-06 11:36:14
7149366e-5843-466e-961d-9ba31ce4aa0e,SOL-AND,2024-09-23 11:36:14,27,2,19,Upcoming,2025-01-11 11:36:14
e1f5ecd2-16a0-4f6d-b060-009c4147159d,FPO-HIM,2024-09-23 11:36:14,50,4,20,Ongoing,2025-01-03 11:36:14
938d9edc-f3f6-457e-b131-39c836e04aad,OVA-CAS,2024-09-23 11:36:14,24,16,37,Completed,2025-02-11 11:36:14
a733ad4b-6b93-4159-98b9-bc4bdc54d9e4,OAA-CAS,2024-09-23 11:36:14,40,40,3,Ongoing,2024-10-19 11:36:14
620974a7-01b2-433d-b490-726caf33e3db,AG-AND,2024-09-23 11:36:14,47,18,24,Cancelled,2025-02-07 11:36:14
4372af19-cbcc-4dc0-aedb-a72799dbd014,OR-ROC,2024-09-23 11:36:14,33,33,28,Upcoming,2024-10-15 11:36:14
50996fe2-8948-4c14-a79d-fb9917b8f2b2,SOS-ALP,2024-09-23 11:36:14,31,15,23,Ongoing,2024-09-30 11:36:14
7ca7aad2-87ab-46c1-8a03-00884ae23c41,SOS-ALP,2024-09-23 11:36:14,40,39,11,Cancelled,2025-02-03 11:36:14
56c83702-1fb0-4a74-8479-ec9cc3e2f211,AG-AND,2024-09-23 11:36:14,24,0,16,Completed,2024-10-27 11:36:14
112728e0-7a78-47f0-98b8-800a3af90a4a,GPT-ALP,2024-09-23 11:36:14,28,11,2,Ongoing,2024-11-17 11:36:14
ff7416bf-480e-4f5e-b570-51a6de6b641f,GPT-ALP,2024-09-23 11:36:14,45,35,27,Cancelled,2025-03-20 11:36:14
b1faaa33-0d07-4385-9265-1cfb87a39508,GPT-ALP,2024-09-23 11:36:14,46,37,6,Ongoing,2025-01-08 11:36:14
efe9dfb2-510b-4dd1-ae05-a53ca4024642,SOS-ALP,2024-09-23 11:36:14,41,21,47,Upcoming,2024-12-25 11:36:14
7c9603c5-87a1-4236-877d-4016b2cd114c,SOS-ALP,2024-09-24 11:36:14,46,43,42,Upcoming,2025-01-22 11:36:14
69639fe5-7042-4500-bf04-af85130fe141,FPO-HIM,2024-09-24 11:36:14,47,46,44,Upcoming,2024-10-28 11:36:14
a7c380ce-47a4-4eb4-93e0-14abf97edf29,OR-ROC,2024-09-24 11:36:14,49,27,45,Cancelled,2025-01-08 11:36:14
ef84541f-c7e7-4b6d-8a18-8dd19f5a1e67,PP-APP,2024-09-24 11:36:14,46,4,24,Completed,2024-10-12 11:36:14
f7d0ada1-24fa-48f8-b2e7-3913da76c444,TOTB-ROC,2024-09-24 11:36:14,35,28,15,Cancelled,2024-10-14 11:36:14
b3a26f07-8900-4ce1-ae60-aebdb2b37c60,OR-ROC,2024-09-24 11:36:14,28,9,25,Upcoming,2025-02-21 11:36:14
cd8c562b-3037-44c4-8074-6b868a9f58e7,SA-ROC,2024-09-24 11:36:14,36,25,27,Upcoming,2024-10-20 11:36:14
73ddc4f5-0361-4411-bd8c-902b5cb3517e,FPO-HIM,2024-09-24 11:36:14,37,4,10,Completed,2024-10-26 11:36:14
89ca3cf0-50df-44ca-aa95-c41d2b14da79,OAA-CAS,2024-09-24 11:36:14,45,3,16,Cancelled,2024-10-11 11:36:14
8a8dbbc3-39f4-4cf0-809a-bf3a8ad495bd,SOS-ALP,2024-09-24 11:36:14,47,44,21,Cancelled,2025-01-24 11:36:14
fb42d3ee-1bcf-41fc-ba78-3eda95af6d0d,SOL-AND,2024-09-24 11:36:14,28,7,38,Completed,2025-01-16 11:36:14
0d5ae482-7142-4a08-9b26-0acb7414ad76,SOS-HIM,2024-09-24 11:36:14,40,18,6,Cancelled,2024-12-14 11:36:14
7047ba4c-67ae-456a-867b-6e9493f59702,SOS-HIM,2024-09-24 11:36:14,42,3,9,Upcoming,2024-09-28 11:36:14
ba482ff1-f457-4eef-b667-43407a5450ee,TOTB-ROC,2024-09-24 11:36:14,48,6,46,Cancelled,2024-12-01 11:36:14
fd1e7032-541a-43a0-9853-64dcafa8d4c1,OHT-ROC,2024-09-24 11:36:14,32,16,41,Ongoing,2024-11-16 11:36:14
a94b95f2-0849-4036-8bd6-107251e32a7d,OVA-CAS,2024-09-24 11:36:14,33,6,3,Cancelled,2024-10-21 11:36:14
ec4caec0-d540-4324-9083-8d36268784d9,EP-ALP,2024-09-24 11:36:14,40,0,5,Upcoming,2025-01-18 11:36:14
eb9e9e0e-e7db-4409-9d47-f6cc89293a2b,PP-APP,2024-09-24 11:36:14,26,11,46,Ongoing,2024-11-06 11:36:14
ed3bc67d-c832-4aa4-bd32-3f8278773529,OAA-CAS,2024-09-24 11:36:14,21,1,25,Upcoming,2024-10-27 11:36:14
5729d462-d38b-43fa-83cb-2560964e4b9d,SOS-HIM,2024-09-24 11:36:14,49,6,18,Cancelled,2024-12-02 11:36:14
57352e72-42f4-4606-9108-334239fd2756,EP-HIM,2024-09-25 11:36:14,45,38,27,Ongoing,2025-04-09 11:36:14
a5fc4a23-0786-451b-b8d8-51df6e34c842,SOL-AND,2024-09-25 11:36:14,30,30,41,Ongoing,2024-12-14 11:36:14
d05e7104-c215-4a43-a74a-bc410e7e6c6f,SA-ROC,2024-09-25 11:36:14,38,21,50,Upcoming,2024-10-14 11:36:14
65c11032-753a-43a6-a734-0574cceb230c,SOL-AND,2024-09-25 11:36:14,44,16,2,Cancelled,2025-01-02 11:36:14
4a2863ed-e0ae-4ada-b183-a0034fb287da,PP-APP,2024-09-25 11:36:14,30,13,19,Cancelled,2024-10-03 11:36:14
eba4d929-be47-45ac-909e-c80eb050cca0,GPT-ALP,2024-09-25 11:36:14,39,21,42,Completed,2024-11-29 11:36:14
ea901a13-b2d4-4f99-baaf-ab82440072f7,EP-ALP,2024-09-25 11:36:14,26,13,37,Completed,2025-02-21 11:36:14
6006213f-5088-4896-9ecd-1b1c578f2b05,AG-AND,2024-09-25 11:36:14,21,11,17,Completed,2025-01-17 11:36:14
3a2398d7-0cad-4ba7-bda3-6ef44cc6afac,PP-APP,2024-09-25 11:36:14,32,0,21,Completed,2024-10-15 11:36:14
dbb88b32-ac19-43ce-8bc5-91a7ed22eb4e,SOL-AND,2024-09-26 11:36:14,29,16,31,Ongoing,2024-12-16 11:36:14
45bd8c31-8cf4-4006-92d4-f281ed0aa8dc,TOTB-ROC,2024-09-26 11:36:14,39,10,40,Ongoing,2024-12-09 11:36:14
b337386f-76f4-444a-8145-6d54e4b84eb9,OHT-ROC,2024-09-26 11:36:14,34,28,50,Cancelled,2024-11-16 11:36:14
a037f101-83bc-4314-8d45-3f06e17039c5,OHT-ROC,2024-09-26 11:36:14,31,10,6,Ongoing,2024-12-25 11:36:14
8833a63d-6c7e-429f-ae27-a7b9ed4f6eb8,SA-ROC,2024-09-26 11:36:14,30,1,19,Ongoing,2024-12-22 11:36:14
641a42b4-dbbd-4cc0-b087-6125b800c054,EP-ALP,2024-09-26 11:36:14,44,13,19,Ongoing,2024-10-21 11:36:14
9c707e03-0201-449e-94af-4237eb65c07e,SOL-AND,2024-09-26 11:36:14,50,46,21,Upcoming,2024-11-30 11:36:14
15d4e022-1b70-499a-a78d-657d9250eb6e,PP-APP,2024-09-26 11:36:14,42,14,21,Cancelled,2024-10-06 11:36:14
9af2e6fb-b746-41e6-afa3-503c43684a33,PP-APP,2024-09-26 11:36:14,29,18,37,Completed,2024-11-03 11:36:14
d9d92e84-e622-4087-9bab-103207058aef,SOL-AND,2024-09-26 11:36:14,26,5,46,Completed,2024-11-04 11:36:14
39c56541-36b2-4039-93c0-d3f525655b55,EP-HIM,2024-09-26 11:36:14,46,42,43,Ongoing,2025-02-28 11:36:14
c498f9a4-65bc-45a8-bee1-ae66c6bb6c88,OAA-CAS,2024-09-26 11:36:14,28,25,13,Completed,2024-10-23 11:36:14
6fdafecd-cd2e-4007-9422-12d677f7bd07,OAA-CAS,2024-09-26 11:36:14,34,33,11,Cancelled,2024-09-28 11:36:14
a2c5002a-830c-4857-942a-5e1f9314fff4,EP-HIM,2024-09-27 11:36:14,35,10,1,Cancelled,2024-10-14 11:36:14
c4641b5b-a442-4120-b2e4-ad24f0d4fe39,SOS-HIM,2024-09-27 11:36:14,27,21,28,Cancelled,2024-11-19 11:36:14
9a86ee39-bcb3-4561-89f9-02f6ca7ccb7b,GPT-ALP,2024-09-27 11:36:14,36,7,27,Upcoming,2024-11-15 11:36:14
efac33fb-6f6c-402d-bc3a-9966fc6b95ab,AG-AND,2024-09-27 11:36:14,22,21,1,Completed,2025-01-02 11:36:14
b20f4a91-d02c-4401-9300-15d48d7ba3fb,FPO-HIM,2024-09-27 11:36:14,36,4,2,Upcoming,2024-12-13 11:36:14
23d71d6c-7250-4fc9-a928-dccfad930b2e,OVA-CAS,2024-09-27 11:36:14,21,1,28,Cancelled,2024-10-13 11:36:14
e92d5c4c-4b54-4b81-8078-216789004945,OR-ROC,2024-09-27 11:36:14,38,14,39,Upcoming,2024-12-30 11:36:14
7418d7f8-0b53-45ce-9c95-a0e3288fe373,OVA-CAS,2024-09-28 11:36:14,46,18,44,Completed,2024-10-22 11:36:14
bf9edc5e-7497-401e-8505-bd42dc3fd4b7,EP-ALP,2024-09-28 11:36:14,31,31,24,Completed,2024-10-16 11:36:14
a242ebb6-c5df-4df7-84f4-8e5b24f9b4ff,SOL-AND,2024-09-28 11:36:14,46,32,3,Cancelled,2024-10-05 11:36:14
37f1fea9-b3f7-4651-91e2-4a8be327712e,SA-ROC,2024-09-28 11:36:14,43,15,36,Completed,2024-10-24 11:36:14
f29c416a-bf9b-476a-801d-f977cad6e312,OHT-ROC,2024-09-28 11:36:14,38,9,27,Ongoing,2024-11-30 11:36:14
0b51c3b8-4cac-41c3-8f50-b30d95d5217b,OVA-CAS,2024-09-28 11:36:14,25,15,39,Completed,2024-11-22 11:36:14
1677f282-0218-4b2e-82e3-85703cc18e4c,EP-ALP,2024-09-28 11:36:14,26,9,32,Cancelled,2024-10-26 11:36:14
57f54d30-c6b8-4011-81ff-72e39c5a4412,OVA-CAS,2024-09-28 11:36:14,26,3,14,Cancelled,2025-01-15 11:36:14
a2af7bf1-b084-430d-98c9-ca59d0a66799,EP-ALP,2024-09-28 11:36:14,34,21,5,Ongoing,2025-01-01 11:36:14
e1573da7-ffbf-477e-a181-e0208d0e7622,GPT-ALP,2024-09-28 11:36:14,33,9,40,Ongoing,2024-12-11 11:36:14
50044d97-263b-4804-adc9-735014d8a660,OAA-CAS,2024-09-28 11:36:14,42,3,48,Completed,2024-11-10 11:36:14
b22337f4-d3a5-4d95-9cc3-306979350320,OVA-CAS,2024-09-28 11:36:14,48,11,32,Completed,2025-03-18 11:36:14
982fe559-0c07-46f9-a216-a48fb88db7f4,OR-ROC,2024-09-28 11:36:14,39,8,14,Cancelled,2025-01-11 11:36:14
c96e1702-4093-4bd0-84a7-a958f951ac3e,PP-APP,2024-09-28 11:36:14,31,9,27,Completed,2024-10-08 11:36:14
7250e631-f247-4765-9395-b57a66ed1728,PP-APP,2024-09-28 11:36:14,21,7,16,Completed,2024-10-05 11:36:14
6cfad469-f9d2-4a58-98cb-b89b3f85d459,EP-HIM,2024-09-28 11:36:14,27,9,47,Ongoing,2025-01-01 11:36:14
df7a7c4d-5ea8-4a06-b978-dbf0b90835d8,OVA-CAS,2024-09-28 11:36:14,44,16,38,Ongoing,2024-10-24 11:36:14
801a64a8-551a-4d68-a847-9659fe14fd52,SOL-AND,2024-09-28 11:36:14,46,9,43,Upcoming,2025-02-18 11:36:14
30d424b1-ef16-4ecc-a8d7-5e7e526a8be9,SOS-HIM,2024-09-29 11:36:14,21,13,28,Cancelled,2024-12-01 11:36:14
ed66b032-a001-4b76-917a-1871353f34bf,OVA-CAS,2024-09-29 11:36:14,50,14,22,Upcoming,2024-10-18 11:36:14
82e8f8aa-d6ce-4646-94ee-b71865121d09,OHT-ROC,2024-09-29 11:36:14,34,22,13,Cancelled,2024-12-02 11:36:14
c9cc3b6e-2447-4ef4-9709-8560d59d704e,EP-ALP,2024-09-29 11:36:14,43,40,42,Completed,2025-02-04 11:36:14
e20e0942-2f79-4b08-94ff-3d6b2c2a00b5,OAA-CAS,2024-09-29 11:36:14,49,14,38,Completed,2024-10-07 11:36:14
1a8160bd-6318-4076-a65e-bf8eec1d273d,OHT-ROC,2024-09-29 11:36:14,40,28,15,Completed,2024-11-26 11:36:14
272e6ff6-014f-4ef4-bbd7-b6559f2b645d,SA-ROC,2024-09-29 11:36:14,36,1,35,Completed,2024-12-01 11:36:14
cb7bfa53-f04f-494a-a52a-499b56e99ae7,OVA-CAS,2024-09-29 11:36:14,48,44,3,Completed,2024-10-29 11:36:14
1ef62ca2-f253-478f-8f36-f60c339716a0,AG-AND,2024-09-30 11:36:14,29,12,29,Cancelled,2024-10-12 11:36:14
528fb663-c451-41c8-81a3-72538c779389,GPT-ALP,2024-09-30 11:36:14,43,19,9,Cancelled,2024-11-28 11:36:14
524d6f05-fb52-491b-9ffa-7b00a62a1771,OVA-CAS,2024-09-30 11:36:14,26,5,14,Cancelled,2025-01-22 11:36:14
5ec1c887-de0c-4529-a083-85a05f8c0468,AG-AND,2024-09-30 11:36:14,38,29,5,Completed,2024-10-25 11:36:14
dd803264-1298-44be-be02-72b4691ccaf0,PP-APP,2024-09-30 11:36:14,23,18,45,Upcoming,2024-11-10 11:36:14
45db4816-9fc3-4bf3-92db-96a63d450ab2,EP-HIM,2024-09-30 11:36:14,27,15,36,Upcoming,2025-02-01 11:36:14
eb49be5a-fde0-4725-a145-a9623476a12b,SOS-HIM,2024-09-30 11:36:14,21,19,14,Upcoming,2024-12-18 11:36:14
48ce28cd-2b74-41c0-9051-b6560129e69e,OVA-CAS,2024-09-30 11:36:14,28,3,39,Cancelled,2025-01-05 11:36:14
7f76866c-7749-4cf2-ad17-b2c1cb688a9f,SOL-AND,2024-09-30 11:36:14,24,22,2,Upcoming,2024-11-07 11:36:14
351b02b5-c84b-4ebc-91a2-37be6e24855c,GPT-ALP,2024-09-30 11:36:14,20,8,10,Upcoming,2024-10-19 11:36:14
ab019e17-0fcc-47f9-9744-63e509452b6a,AG-AND,2024-09-30 11:36:14,27,6,32,Upcoming,2025-01-31 11:36:14
1fc91147-f245-47fe-836c-fcc4cdbed8a8,AG-AND,2024-09-30 11:36:14,24,3,27,Cancelled,2024-11-29 11:36:14
7d8ae65f-4f08-4d3f-a3e1-e1590ea3df18,SOL-AND,2024-09-30 11:36:14,30,18,50,Ongoing,2024-12-14 11:36:14
9f46a5fd-f2ac-4956-84b8-cae8d29729c7,PP-APP,2024-09-30 11:36:14,50,15,39,Upcoming,2024-11-19 11:36:14
029a6315-ff1c-4439-8ea7-d55ec2e0dc71,FPO-HIM,2024-10-01 11:36:14,48,45,29,Cancelled,2025-01-11 11:36:14
738248a1-a1ab-41ce-b0c0-c7fe17e9583b,GPT-ALP,2024-10-01 11:36:14,40,30,24,Upcoming,2025-03-19 11:36:14
282e1e56-63bc-41ab-996b-6f259064ecdc,FPO-HIM,2024-10-01 11:36:14,37,32,15,Completed,2024-10-15 11:36:14
be1bf63b-1384-40ff-aba6-a467287775b4,SA-ROC,2024-10-01 11:36:14,44,33,16,Completed,2024-10-30 11:36:14
9530f75b-a637-433f-922c-cf6cc3bf53c6,SOS-HIM,2024-10-01 11:36:14,31,2,39,Ongoing,2024-12-13 11:36:14
e6e16756-4a55-48c7-81bc-419d495e9a40,OR-ROC,2024-10-01 11:36:14,41,5,25,Completed,2025-01-17 11:36:14
ae83daec-b38e-453f-a876-32be4933112f,TOTB-ROC,2024-10-01 11:36:14,20,1,33,Completed,2024-10-08 11:36:14
223ee79f-d4a6-4cf3-8a59-ca57b1baeb58,OVA-CAS,2024-10-01 11:36:14,44,27,13,Ongoing,2025-02-26 11:36:14
1cc2fad1-c17d-473f-a578-3ee48b25191d,SOL-AND,2024-10-02 11:36:14,30,18,40,Ongoing,2024-10-13 11:36:14
972e6243-78a5-44e1-b2d1-f9e175db6716,OVA-CAS,2024-10-02 11:36:14,44,2,26,Cancelled,2024-12-15 11:36:14
54359a36-1edb-43d9-8e48-cde3065d75bc,OHT-ROC,2024-10-02 11:36:14,42,2,1,Upcoming,2024-12-15 11:36:14
9d584d7d-f0d2-41fa-ab56-573a32e06d9e,TOTB-ROC,2024-10-02 11:36:14,28,17,11,Ongoing,2024-10-31 11:36:14
17a7566a-34a3-4ec5-a7ca-ba1b3789a709,OVA-CAS,2024-10-02 11:36:14,23,5,37,Cancelled,2025-01-16 11:36:14
324d89f6-0cd8-4104-a451-bcb7aedf9d6b,OAA-CAS,2024-10-02 11:36:14,30,29,14,Ongoing,2024-11-01 11:36:14
5effa1cf-2731-48ee-9439-56e39ec1edb1,SOS-ALP,2024-10-02 11:36:14,26,0,15,Completed,2024-11-09 11:36:14
c1b1415d-0bb2-4be5-916b-741b7cab0db7,SOL-AND,2024-10-02 11:36:14,23,3,41,Upcoming,2024-11-14 11:36:14
c35e31cf-be72-489b-a501-7baf00964ea3,GPT-ALP,2024-10-03 11:36:14,37,5,44,Completed,2024-10-17 11:36:14
229123ea-0f46-446c-a331-6c8ad0b8b6c3,TOTB-ROC,2024-10-03 11:36:14,29,7,29,Upcoming,2024-12-29 11:36:14
4a52723d-a3c8-40a8-9129-0e42a4758c6b,FPO-HIM,2024-10-03 11:36:14,33,0,19,Ongoing,2025-01-08 11:36:14
7b7b41c2-9953-42b3-ad96-d9229b602ea6,OR-ROC,2024-10-03 11:36:14,20,9,15,Upcoming,2025-01-09 11:36:14
be7927f5-4ee1-4951-b5f6-11bade76bee4,OHT-ROC,2024-10-03 11:36:14,29,20,12,Upcoming,2024-12-04 11:36:14
8fe8eed5-19d2-4e13-977e-660c44faea12,TOTB-ROC,2024-10-03 11:36:14,47,7,39,Cancelled,2024-11-26 11:36:14
6d5d7b29-1821-499d-bd62-b50be4351d10,OAA-CAS,2024-10-03 11:36:14,41,4,41,Completed,2024-10-29 11:36:14
205949e2-8db3-4398-beeb-59e10bbac12f,OHT-ROC,2024-10-03 11:36:14,28,13,45,Ongoing,2024-11-09 11:36:14
c6bc9e1a-3bd7-4744-8b1a-981040f49739,EP-ALP,2024-10-03 11:36:14,43,4,50,Upcoming,2024-11-22 11:36:14
29650635-51c6-4b30-9d9e-72ba24b1f95b,OHT-ROC,2024-10-03 11:36:14,27,13,42,Ongoing,2024-11-17 11:36:14
41374fb7-fa17-45b1-8f73-90dd430a9725,OR-ROC,2024-10-03 11:36:14,50,49,32,Cancelled,2025-02-28 11:36:14
0431f08a-5328-4e1e-a20b-19e099f1566f,AG-AND,2024-10-04 11:36:14,50,13,10,Ongoing,2024-10-28 11:36:14
e38ac6a6-4522-4f8e-a9e1-51f42ab10d7b,SOS-HIM,2024-10-04 11:36:14,44,26,35,Completed,2024-10-11 11:36:14
23f159ce-71d9-4e18-8ce6-d59a592a5646,EP-HIM,2024-10-04 11:36:14,27,5,37,Completed,2025-02-10 11:36:14
46f6da0e-4a68-426b-b0a1-66118dd4d897,EP-HIM,2024-10-04 11:36:14,46,22,50,Upcoming,2024-11-15 11:36:14
3cbff6b0-7a08-425a-82e2-ee73112ffde0,SOS-ALP,2024-10-04 11:36:14,40,5,29,Upcoming,2024-11-26 11:36:14
931ed025-fce9-489d-af50-9ce3a79b10de,OVA-CAS,2024-10-04 11:36:14,48,25,47,Upcoming,2024-10-20 11:36:14
2d3df2c7-3591-4659-aac3-11f7eb25bb37,FPO-HIM,2024-10-04 11:36:14,42,10,19,Upcoming,2025-04-20 11:36:14
c3581501-26b2-4716-8375-2d81da0a3aca,SOS-HIM,2024-10-04 11:36:14,41,29,10,Upcoming,2024-12-16 11:36:14
c44e9cd1-42b0-41a6-83d2-0a781a0f77af,GPT-ALP,2024-10-04 11:36:14,27,14,27,Upcoming,2025-02-03 11:36:14
3b5449a9-9b5e-4610-a0b8-5485b2d18435,OR-ROC,2024-10-04 11:36:14,20,0,21,Upcoming,2024-11-08 11:36:14
fac8b75c-7eae-4c90-95c4-7ff32612ffe5,SOL-AND,2024-10-04 11:36:14,42,33,35,Upcoming,2025-01-31 11:36:14
fec5eabf-a062-42da-b768-044be7313b46,FPO-HIM,2024-10-04 11:36:14,33,32,23,Ongoing,2024-11-28 11:36:14
fa41130d-c920-4e8e-ba0b-fd776940b5fd,OHT-ROC,2024-10-05 11:36:14,43,8,47,Ongoing,2024-11-07 11:36:14
a8961794-8d36-420a-9259-7519acc1dc68,PP-APP,2024-10-05 11:36:14,40,33,6,Upcoming,2024-11-19 11:36:14
da98b761-ae11-495f-8977-2ef404ff317f,TOTB-ROC,2024-10-05 11:36:14,30,3,39,Ongoing,2024-11-03 11:36:14
927efd3d-a94f-4801-a0d2-1866fe8ba124,OHT-ROC,2024-10-05 11:36:14,24,10,50,Upcoming,2024-10-23 11:36:14
f77aa987-a054-438e-b7fd-915cfe146c95,SOS-ALP,2024-10-05 11:36:14,22,6,28,Upcoming,2024-12-13 11:36:14
80fc28c1-a86e-4d25-bb34-4dca01d50064,OR-ROC,2024-10-05 11:36:14,36,19,48,Completed,2024-11-05 11:36:14
e7d166d6-dfb7-4557-8d52-537e0ef17c4c,OVA-CAS,2024-10-05 11:36:14,35,33,18,Completed,2024-10-27 11:36:14
61fbf0b6-9bd8-4695-8ca2-1a7f4d7a1acf,OVA-CAS,2024-10-05 11:36:14,50,36,33,Cancelled,2024-12-31 11:36:14
f8c23244-02a5-4a35-8515-45e2baeec324,AG-AND,2024-10-05 11:36:14,37,14,17,Upcoming,2024-10-31 11:36:14
f9b2163f-5d14-4a28-a6b0-333b3b20f730,AG-AND,2024-10-05 11:36:14,31,30,7,Upcoming,2024-10-10 11:36:14
e9ef7d05-2d7c-4bd0-9f3d-92177b133b2c,OHT-ROC,2024-10-06 11:36:14,28,2,40,Completed,2024-11-29 11:36:14
aab86e95-89eb-40f7-b3c5-76ecf9ca0f5e,OHT-ROC,2024-10-07 11:36:14,28,2,1,Ongoing,2024-12-12 11:36:14
bbbc169d-4f0e-41c9-97e1-da48a479075e,SA-ROC,2024-10-07 11:36:14,45,22,50,Upcoming,2024-10-27 11:36:14
c00c1a11-420e-4be8-9955-55bbb10c1aff,EP-ALP,2024-10-07 11:36:14,31,23,36,Ongoing,2024-11-16 11:36:14
24142c8b-9fa8-442b-8072-5d797d133fd8,PP-APP,2024-10-07 11:36:14,38,4,17,Cancelled,2024-10-08 11:36:14
ad141758-7fc4-4501-a71e-eab4ffa1f62d,EP-HIM,2024-10-07 11:36:14,22,22,45,Ongoing,2025-02-17 11:36:14
f537c7e6-45e1-47f6-9ec0-03c356c9ca2e,AG-AND,2024-10-07 11:36:14,23,23,49,Completed,2025-03-06 11:36:14
db0ccd3f-6bdf-4889-a257-38cb8a11e49a,GPT-ALP,2024-10-07 11:36:14,46,32,50,Upcoming,2024-12-08 11:36:14
66a8ec55-d93d-4d87-9e33-2a5d95c74b12,SOL-AND,2024-10-07 11:36:14,42,35,38,Completed,2025-02-20 11:36:14
7189017b-6bcf-4d3c-90ae-5ebddbaae1a5,TOTB-ROC,2024-10-08 11:36:14,42,7,43,Ongoing,2024-12-06 11:36:14
a61e6944-36b4-4489-b081-5ff5d234fc4d,OVA-CAS,2024-10-08 11:36:14,50,2,33,Ongoing,2025-01-22 11:36:14
a08269e2-a899-4ac2-a232-51d7822c1a21,EP-ALP,2024-10-08 11:36:14,41,32,7,Ongoing,2025-02-18 11:36:14
76e13faa-1f4a-4d9e-8175-3d2a5a43584c,OR-ROC,2024-10-08 11:36:14,35,24,7,Completed,2024-11-19 11:36:14
337c8d4c-3693-4bc4-ae5e-8f59b1cdedc6,SOS-HIM,2024-10-08 11:36:14,36,29,27,Ongoing,2024-10-21 11:36:14
e8ed0c01-e523-42cc-84a8-0f32393d5f64,FPO-HIM,2024-10-08 11:36:14,23,11,39,Completed,2024-11-07 11:36:14
c07f4beb-8a88-4327-9a22-9535086bc486,EP-HIM,2024-10-08 11:36:14,40,21,29,Cancelled,2024-11-16 11:36:14
533fc961-83c9-4f2b-bb94-e82b2d2eb26e,FPO-HIM,2024-10-08 11:36:14,45,37,10,Completed,2024-11-08 11:36:14
23260c3d-14c5-4489-9b6f-10ce8e64e5d7,SOL-AND,2024-10-08 11:36:14,50,3,1,Ongoing,2024-11-16 11:36:14
046d087e-15ca-451d-98a7-39a402cd3e63,EP-ALP,2024-10-08 11:36:14,30,16,5,Cancelled,2025-02-05 11:36:14
9d73fc57-1d2f-49c6-a6a8-8e807b2dbedc,GPT-ALP,2024-10-08 11:36:14,26,5,19,Ongoing,2025-03-04 11:36:14
38b61824-4767-45d2-8719-520c70672793,EP-HIM,2024-10-08 11:36:14,42,18,10,Ongoing,2025-02-03 11:36:14
06d0c76a-a848-4759-a741-628d8aa631e9,OVA-CAS,2024-10-08 11:36:14,27,6,16,Ongoing,2024-12-19 11:36:14
084df938-3719-43bb-9abf-7a61aa8a8097,SOS-ALP,2024-10-08 11:36:14,38,6,13,Ongoing,2024-11-30 11:36:14
01e87a0e-5ffe-4fb2-a9e3-8cc53ba799f8,AG-AND,2024-10-08 11:36:14,33,25,11,Completed,2024-11-15 11:36:14
65d10328-4d51-42b7-ba0b-da5610b5c9f8,SOS-HIM,2024-10-08 11:36:14,34,25,11,Cancelled,2024-10-13 11:36:14
9f0ac5cb-a34a-41e0-a1bb-e1de181439a4,OR-ROC,2024-10-08 11:36:14,33,4,43,Cancelled,2024-10-30 11:36:14
b8e88b4c-ec7c-4c3a-bd0e-839a166ffc3d,OAA-CAS,2024-10-08 11:36:14,46,32,37,Ongoing,2024-10-27 11:36:14